id,isEducational;"SISTITUISCI "",0""";"CONCATENA con ""https://www.youtube.com""";collegamento ipertestuale COLLEG.IPERTESTUALE;IsEducational
/watch?v=aircAruvnKk,0;/watch?v=aircAruvnKk;https://www.youtube.com/watch?v=aircAruvnKk;https://www.youtube.com/watch?v=aircAruvnKk;1
/watch?v=_QdPW8JrYzQ,0;/watch?v=_QdPW8JrYzQ;https://www.youtube.com/watch?v=_QdPW8JrYzQ;https://www.youtube.com/watch?v=_QdPW8JrYzQ;
/watch?v=OWJCfOvochA,0;/watch?v=OWJCfOvochA;https://www.youtube.com/watch?v=OWJCfOvochA;https://www.youtube.com/watch?v=OWJCfOvochA;
/watch?v=ZS_kXvOeQ5Y,0;/watch?v=ZS_kXvOeQ5Y;https://www.youtube.com/watch?v=ZS_kXvOeQ5Y;https://www.youtube.com/watch?v=ZS_kXvOeQ5Y;1
/watch?v=x7qPAY9JqE4,0;/watch?v=x7qPAY9JqE4;https://www.youtube.com/watch?v=x7qPAY9JqE4;https://www.youtube.com/watch?v=x7qPAY9JqE4;
/watch?v=9AThycGCakk,0;/watch?v=9AThycGCakk;https://www.youtube.com/watch?v=9AThycGCakk;https://www.youtube.com/watch?v=9AThycGCakk;0
/watch?v=-ruC5A9EzzE,0;/watch?v=-ruC5A9EzzE;https://www.youtube.com/watch?v=-ruC5A9EzzE;https://www.youtube.com/watch?v=-ruC5A9EzzE;1
/watch?v=Lj1a8rdX6DU,0;/watch?v=Lj1a8rdX6DU;https://www.youtube.com/watch?v=Lj1a8rdX6DU;https://www.youtube.com/watch?v=Lj1a8rdX6DU;0
/watch?v=Zh3Yz3PiXZw,0;/watch?v=Zh3Yz3PiXZw;https://www.youtube.com/watch?v=Zh3Yz3PiXZw;https://www.youtube.com/watch?v=Zh3Yz3PiXZw;0
/watch?v=bNpx7gpSqbY,0;/watch?v=bNpx7gpSqbY;https://www.youtube.com/watch?v=bNpx7gpSqbY;https://www.youtube.com/watch?v=bNpx7gpSqbY;
/watch?v=kUr_gdKQ8j4,0;/watch?v=kUr_gdKQ8j4;https://www.youtube.com/watch?v=kUr_gdKQ8j4;https://www.youtube.com/watch?v=kUr_gdKQ8j4;
/watch?v=h0e2HAPTGF4,0;/watch?v=h0e2HAPTGF4;https://www.youtube.com/watch?v=h0e2HAPTGF4;https://www.youtube.com/watch?v=h0e2HAPTGF4;1
/watch?v=0hVuCWfyHP4,0;/watch?v=0hVuCWfyHP4;https://www.youtube.com/watch?v=0hVuCWfyHP4;https://www.youtube.com/watch?v=0hVuCWfyHP4;0
/watch?v=QHydkEARVKE,0;/watch?v=QHydkEARVKE;https://www.youtube.com/watch?v=QHydkEARVKE;https://www.youtube.com/watch?v=QHydkEARVKE;
/watch?v=nKW8Ndu7Mjw,0;/watch?v=nKW8Ndu7Mjw;https://www.youtube.com/watch?v=nKW8Ndu7Mjw;https://www.youtube.com/watch?v=nKW8Ndu7Mjw;1
/watch?v=BR9h47Jtqyw,0;/watch?v=BR9h47Jtqyw;https://www.youtube.com/watch?v=BR9h47Jtqyw;https://www.youtube.com/watch?v=BR9h47Jtqyw;1
/watch?v=w82a1FT5o88,0;/watch?v=w82a1FT5o88;https://www.youtube.com/watch?v=w82a1FT5o88;https://www.youtube.com/watch?v=w82a1FT5o88;0
/watch?v=pvf0zSh3rDo,0;/watch?v=pvf0zSh3rDo;https://www.youtube.com/watch?v=pvf0zSh3rDo;https://www.youtube.com/watch?v=pvf0zSh3rDo;
/watch?v=MfF750YVDxM,0;/watch?v=MfF750YVDxM;https://www.youtube.com/watch?v=MfF750YVDxM;https://www.youtube.com/watch?v=MfF750YVDxM;1
/watch?v=OoEpfb6yga8,0;/watch?v=OoEpfb6yga8;https://www.youtube.com/watch?v=OoEpfb6yga8;https://www.youtube.com/watch?v=OoEpfb6yga8;1
/watch?v=e8QY0NDWqzk,0;/watch?v=e8QY0NDWqzk;https://www.youtube.com/watch?v=e8QY0NDWqzk;https://www.youtube.com/watch?v=e8QY0NDWqzk;0
/watch?v=EtJy69cEOtQ,0;/watch?v=EtJy69cEOtQ;https://www.youtube.com/watch?v=EtJy69cEOtQ;https://www.youtube.com/watch?v=EtJy69cEOtQ;1
/watch?v=rmf04ylI2K0,0;/watch?v=rmf04ylI2K0;https://www.youtube.com/watch?v=rmf04ylI2K0;https://www.youtube.com/watch?v=rmf04ylI2K0;1
/watch?v=XZmGGAbHqa0,0;/watch?v=XZmGGAbHqa0;https://www.youtube.com/watch?v=XZmGGAbHqa0;https://www.youtube.com/watch?v=XZmGGAbHqa0;0
/watch?v=QxuibIaQmsw,0;/watch?v=QxuibIaQmsw;https://www.youtube.com/watch?v=QxuibIaQmsw;https://www.youtube.com/watch?v=QxuibIaQmsw;
/watch?v=uAWWhEA57bE,0;/watch?v=uAWWhEA57bE;https://www.youtube.com/watch?v=uAWWhEA57bE;https://www.youtube.com/watch?v=uAWWhEA57bE;1
/watch?v=4DgTLaFNQq0,0;/watch?v=4DgTLaFNQq0;https://www.youtube.com/watch?v=4DgTLaFNQq0;https://www.youtube.com/watch?v=4DgTLaFNQq0;1
/watch?v=YFl2mCHdv24,0;/watch?v=YFl2mCHdv24;https://www.youtube.com/watch?v=YFl2mCHdv24;https://www.youtube.com/watch?v=YFl2mCHdv24;1
/watch?v=dspdToaROn8,0;/watch?v=dspdToaROn8;https://www.youtube.com/watch?v=dspdToaROn8;https://www.youtube.com/watch?v=dspdToaROn8;1
/watch?v=FHVuRxJpiwI,0;/watch?v=FHVuRxJpiwI;https://www.youtube.com/watch?v=FHVuRxJpiwI;https://www.youtube.com/watch?v=FHVuRxJpiwI;1
/watch?v=bcjSe0xCHbE,0;/watch?v=bcjSe0xCHbE;https://www.youtube.com/watch?v=bcjSe0xCHbE;https://www.youtube.com/watch?v=bcjSe0xCHbE;1
/watch?v=9s-vSeWej1U,0;/watch?v=9s-vSeWej1U;https://www.youtube.com/watch?v=9s-vSeWej1U;https://www.youtube.com/watch?v=9s-vSeWej1U;1
/watch?v=1z0ULvg_pW8,0;/watch?v=1z0ULvg_pW8;https://www.youtube.com/watch?v=1z0ULvg_pW8;https://www.youtube.com/watch?v=1z0ULvg_pW8;1
/watch?v=BgQFJ_UNIgw,0;/watch?v=BgQFJ_UNIgw;https://www.youtube.com/watch?v=BgQFJ_UNIgw;https://www.youtube.com/watch?v=BgQFJ_UNIgw;1
/watch?v=2-Ol7ZB0MmU,0;/watch?v=2-Ol7ZB0MmU;https://www.youtube.com/watch?v=2-Ol7ZB0MmU;https://www.youtube.com/watch?v=2-Ol7ZB0MmU;1
/watch?v=711VklH-4fA,0;/watch?v=711VklH-4fA;https://www.youtube.com/watch?v=711VklH-4fA;https://www.youtube.com/watch?v=711VklH-4fA;
/watch?v=d4EgbgTm0Bg,0;/watch?v=d4EgbgTm0Bg;https://www.youtube.com/watch?v=d4EgbgTm0Bg;https://www.youtube.com/watch?v=d4EgbgTm0Bg;1
/watch?v=yuD34tEpRFw,0;/watch?v=yuD34tEpRFw;https://www.youtube.com/watch?v=yuD34tEpRFw;https://www.youtube.com/watch?v=yuD34tEpRFw;1
/watch?v=wCrtk-pyP0I,0;/watch?v=wCrtk-pyP0I;https://www.youtube.com/watch?v=wCrtk-pyP0I;https://www.youtube.com/watch?v=wCrtk-pyP0I;1
/watch?v=AD3K8j12EIE,0;/watch?v=AD3K8j12EIE;https://www.youtube.com/watch?v=AD3K8j12EIE;https://www.youtube.com/watch?v=AD3K8j12EIE;1
/watch?v=kqSzLo9fenk,0;/watch?v=kqSzLo9fenk;https://www.youtube.com/watch?v=kqSzLo9fenk;https://www.youtube.com/watch?v=kqSzLo9fenk;1
/watch?v=aDW44NPhNw0,0;/watch?v=aDW44NPhNw0;https://www.youtube.com/watch?v=aDW44NPhNw0;https://www.youtube.com/watch?v=aDW44NPhNw0;1
/watch?v=qWcfiPi9gUU,0;/watch?v=qWcfiPi9gUU;https://www.youtube.com/watch?v=qWcfiPi9gUU;https://www.youtube.com/watch?v=qWcfiPi9gUU;
/watch?v=FTr3n7uBIuE,0;/watch?v=FTr3n7uBIuE;https://www.youtube.com/watch?v=FTr3n7uBIuE;https://www.youtube.com/watch?v=FTr3n7uBIuE;1
/watch?v=TnUYcTuZJpM,0;/watch?v=TnUYcTuZJpM;https://www.youtube.com/watch?v=TnUYcTuZJpM;https://www.youtube.com/watch?v=TnUYcTuZJpM;
/watch?v=trWrEWfhTVg,0;/watch?v=trWrEWfhTVg;https://www.youtube.com/watch?v=trWrEWfhTVg;https://www.youtube.com/watch?v=trWrEWfhTVg;
/watch?v=IpGxLWOIZy4,0;/watch?v=IpGxLWOIZy4;https://www.youtube.com/watch?v=IpGxLWOIZy4;https://www.youtube.com/watch?v=IpGxLWOIZy4;1
/watch?v=0JDoll8OEFE,0;/watch?v=0JDoll8OEFE;https://www.youtube.com/watch?v=0JDoll8OEFE;https://www.youtube.com/watch?v=0JDoll8OEFE;0
/watch?v=liJbB_0eCTo,0;/watch?v=liJbB_0eCTo;https://www.youtube.com/watch?v=liJbB_0eCTo;https://www.youtube.com/watch?v=liJbB_0eCTo;0
/watch?v=lfo8XHGFAIQ,0;/watch?v=lfo8XHGFAIQ;https://www.youtube.com/watch?v=lfo8XHGFAIQ;https://www.youtube.com/watch?v=lfo8XHGFAIQ;
/watch?v=G7oolm0jU8I,0;/watch?v=G7oolm0jU8I;https://www.youtube.com/watch?v=G7oolm0jU8I;https://www.youtube.com/watch?v=G7oolm0jU8I;1
/watch?v=63NTeLmDANo,0;/watch?v=63NTeLmDANo;https://www.youtube.com/watch?v=63NTeLmDANo;https://www.youtube.com/watch?v=63NTeLmDANo;1
/watch?v=kJzSzGbfc0k,0;/watch?v=kJzSzGbfc0k;https://www.youtube.com/watch?v=kJzSzGbfc0k;https://www.youtube.com/watch?v=kJzSzGbfc0k;1
/watch?v=XKu_SEDAykw,0;/watch?v=XKu_SEDAykw;https://www.youtube.com/watch?v=XKu_SEDAykw;https://www.youtube.com/watch?v=XKu_SEDAykw;0
/watch?v=5F28PzoeDn4,0;/watch?v=5F28PzoeDn4;https://www.youtube.com/watch?v=5F28PzoeDn4;https://www.youtube.com/watch?v=5F28PzoeDn4;
/watch?v=SAsWFgpvYhA,0;/watch?v=SAsWFgpvYhA;https://www.youtube.com/watch?v=SAsWFgpvYhA;https://www.youtube.com/watch?v=SAsWFgpvYhA;
/watch?v=t6rHHnABoT8,0;/watch?v=t6rHHnABoT8;https://www.youtube.com/watch?v=t6rHHnABoT8;https://www.youtube.com/watch?v=t6rHHnABoT8;
/watch?v=3FxdPlqTVXw,0;/watch?v=3FxdPlqTVXw;https://www.youtube.com/watch?v=3FxdPlqTVXw;https://www.youtube.com/watch?v=3FxdPlqTVXw;
/watch?v=c8_BIamLESg,0;/watch?v=c8_BIamLESg;https://www.youtube.com/watch?v=c8_BIamLESg;https://www.youtube.com/watch?v=c8_BIamLESg;
/watch?v=rojft7g2BSI,0;/watch?v=rojft7g2BSI;https://www.youtube.com/watch?v=rojft7g2BSI;https://www.youtube.com/watch?v=rojft7g2BSI;0
/watch?v=E39GIysMevQ,0;/watch?v=E39GIysMevQ;https://www.youtube.com/watch?v=E39GIysMevQ;https://www.youtube.com/watch?v=E39GIysMevQ;
/watch?v=-Yh2QGJBd2U,0;/watch?v=-Yh2QGJBd2U;https://www.youtube.com/watch?v=-Yh2QGJBd2U;https://www.youtube.com/watch?v=-Yh2QGJBd2U;
/watch?v=TRzBk_KuIaM,0;/watch?v=TRzBk_KuIaM;https://www.youtube.com/watch?v=TRzBk_KuIaM;https://www.youtube.com/watch?v=TRzBk_KuIaM;0
/watch?v=ssdyoPpDEys,0;/watch?v=ssdyoPpDEys;https://www.youtube.com/watch?v=ssdyoPpDEys;https://www.youtube.com/watch?v=ssdyoPpDEys;
/watch?v=I1hFKCFT8bQ,0;/watch?v=I1hFKCFT8bQ;https://www.youtube.com/watch?v=I1hFKCFT8bQ;https://www.youtube.com/watch?v=I1hFKCFT8bQ;0
/watch?v=ZPw9dSV6y2c,0;/watch?v=ZPw9dSV6y2c;https://www.youtube.com/watch?v=ZPw9dSV6y2c;https://www.youtube.com/watch?v=ZPw9dSV6y2c;
/watch?v=78-1MlkxyqI,0;/watch?v=78-1MlkxyqI;https://www.youtube.com/watch?v=78-1MlkxyqI;https://www.youtube.com/watch?v=78-1MlkxyqI;0
/watch?v=_4ruHJFsb4g,0;/watch?v=_4ruHJFsb4g;https://www.youtube.com/watch?v=_4ruHJFsb4g;https://www.youtube.com/watch?v=_4ruHJFsb4g;
/watch?v=R0bVxbRCd-U,0;/watch?v=R0bVxbRCd-U;https://www.youtube.com/watch?v=R0bVxbRCd-U;https://www.youtube.com/watch?v=R0bVxbRCd-U;0
/watch?v=j6B-HYsvkvo,0;/watch?v=j6B-HYsvkvo;https://www.youtube.com/watch?v=j6B-HYsvkvo;https://www.youtube.com/watch?v=j6B-HYsvkvo;0
/watch?v=MTY1Kje0yLg,0;/watch?v=MTY1Kje0yLg;https://www.youtube.com/watch?v=MTY1Kje0yLg;https://www.youtube.com/watch?v=MTY1Kje0yLg;
/watch?v=mV_Z3Zx0xIs,0;/watch?v=mV_Z3Zx0xIs;https://www.youtube.com/watch?v=mV_Z3Zx0xIs;https://www.youtube.com/watch?v=mV_Z3Zx0xIs;0
/watch?v=P4Rzd21U-1c,0;/watch?v=P4Rzd21U-1c;https://www.youtube.com/watch?v=P4Rzd21U-1c;https://www.youtube.com/watch?v=P4Rzd21U-1c;0
/watch?v=bjMqJ--aUJ8,0;/watch?v=bjMqJ--aUJ8;https://www.youtube.com/watch?v=bjMqJ--aUJ8;https://www.youtube.com/watch?v=bjMqJ--aUJ8;
/watch?v=ZZZ7k8cMA-4,0;/watch?v=ZZZ7k8cMA-4;https://www.youtube.com/watch?v=ZZZ7k8cMA-4;https://www.youtube.com/watch?v=ZZZ7k8cMA-4;
/watch?v=NtxZeDYuEZI,0;/watch?v=NtxZeDYuEZI;https://www.youtube.com/watch?v=NtxZeDYuEZI;https://www.youtube.com/watch?v=NtxZeDYuEZI;0
/watch?v=Yl_FJAOcFgQ,0;/watch?v=Yl_FJAOcFgQ;https://www.youtube.com/watch?v=Yl_FJAOcFgQ;https://www.youtube.com/watch?v=Yl_FJAOcFgQ;1
/watch?v=ghMZe9NRAgY,0;/watch?v=ghMZe9NRAgY;https://www.youtube.com/watch?v=ghMZe9NRAgY;https://www.youtube.com/watch?v=ghMZe9NRAgY;0
/watch?v=R1vskiVDwl4,0;/watch?v=R1vskiVDwl4;https://www.youtube.com/watch?v=R1vskiVDwl4;https://www.youtube.com/watch?v=R1vskiVDwl4;
/watch?v=M624T3PTggU,0;/watch?v=M624T3PTggU;https://www.youtube.com/watch?v=M624T3PTggU;https://www.youtube.com/watch?v=M624T3PTggU;
/watch?v=AL1-Xd2HTWU,0;/watch?v=AL1-Xd2HTWU;https://www.youtube.com/watch?v=AL1-Xd2HTWU;https://www.youtube.com/watch?v=AL1-Xd2HTWU;
/watch?v=kLBDuWvcy7U,0;/watch?v=kLBDuWvcy7U;https://www.youtube.com/watch?v=kLBDuWvcy7U;https://www.youtube.com/watch?v=kLBDuWvcy7U;0
/watch?v=esmzYhuFnds,0;/watch?v=esmzYhuFnds;https://www.youtube.com/watch?v=esmzYhuFnds;https://www.youtube.com/watch?v=esmzYhuFnds;1
/watch?v=zn1SJOPgewo,0;/watch?v=zn1SJOPgewo;https://www.youtube.com/watch?v=zn1SJOPgewo;https://www.youtube.com/watch?v=zn1SJOPgewo;
/watch?v=Y30VF3cSIYQ,0;/watch?v=Y30VF3cSIYQ;https://www.youtube.com/watch?v=Y30VF3cSIYQ;https://www.youtube.com/watch?v=Y30VF3cSIYQ;
/watch?v=D1R-jKKp3NA,0;/watch?v=D1R-jKKp3NA;https://www.youtube.com/watch?v=D1R-jKKp3NA;https://www.youtube.com/watch?v=D1R-jKKp3NA;0
/watch?v=mbDipVRt5aE,0;/watch?v=mbDipVRt5aE;https://www.youtube.com/watch?v=mbDipVRt5aE;https://www.youtube.com/watch?v=mbDipVRt5aE;1
/watch?v=TUSxq7KoTsM,0;/watch?v=TUSxq7KoTsM;https://www.youtube.com/watch?v=TUSxq7KoTsM;https://www.youtube.com/watch?v=TUSxq7KoTsM;1
/watch?v=XIXvKKEQQJo,0;/watch?v=XIXvKKEQQJo;https://www.youtube.com/watch?v=XIXvKKEQQJo;https://www.youtube.com/watch?v=XIXvKKEQQJo;
/watch?v=aDhTeLWJBxI,0;/watch?v=aDhTeLWJBxI;https://www.youtube.com/watch?v=aDhTeLWJBxI;https://www.youtube.com/watch?v=aDhTeLWJBxI;0
/watch?v=4yzaG0Ia_fs,0;/watch?v=4yzaG0Ia_fs;https://www.youtube.com/watch?v=4yzaG0Ia_fs;https://www.youtube.com/watch?v=4yzaG0Ia_fs;
/watch?v=KzG-mJgj-E4,0;/watch?v=KzG-mJgj-E4;https://www.youtube.com/watch?v=KzG-mJgj-E4;https://www.youtube.com/watch?v=KzG-mJgj-E4;
/watch?v=Q0jeohWnmAQ,0;/watch?v=Q0jeohWnmAQ;https://www.youtube.com/watch?v=Q0jeohWnmAQ;https://www.youtube.com/watch?v=Q0jeohWnmAQ;0
/watch?v=a5ZwNfzusLQ,0;/watch?v=a5ZwNfzusLQ;https://www.youtube.com/watch?v=a5ZwNfzusLQ;https://www.youtube.com/watch?v=a5ZwNfzusLQ;0
/watch?v=i1AHCaokqhg,0;/watch?v=i1AHCaokqhg;https://www.youtube.com/watch?v=i1AHCaokqhg;https://www.youtube.com/watch?v=i1AHCaokqhg;0
/watch?v=9tnLXvr6cLM,0;/watch?v=9tnLXvr6cLM;https://www.youtube.com/watch?v=9tnLXvr6cLM;https://www.youtube.com/watch?v=9tnLXvr6cLM;0
/watch?v=wlk1DLm-BjU,0;/watch?v=wlk1DLm-BjU;https://www.youtube.com/watch?v=wlk1DLm-BjU;https://www.youtube.com/watch?v=wlk1DLm-BjU;
/watch?v=q9tYsvRg1as,0;/watch?v=q9tYsvRg1as;https://www.youtube.com/watch?v=q9tYsvRg1as;https://www.youtube.com/watch?v=q9tYsvRg1as;
/watch?v=gIR65Mz8mHQ,0;/watch?v=gIR65Mz8mHQ;https://www.youtube.com/watch?v=gIR65Mz8mHQ;https://www.youtube.com/watch?v=gIR65Mz8mHQ;
/watch?v=7UeRnuGo-pg,0;/watch?v=7UeRnuGo-pg;https://www.youtube.com/watch?v=7UeRnuGo-pg;https://www.youtube.com/watch?v=7UeRnuGo-pg;1
/watch?v=zORUUqJd81M,0;/watch?v=zORUUqJd81M;https://www.youtube.com/watch?v=zORUUqJd81M;https://www.youtube.com/watch?v=zORUUqJd81M;
/watch?v=q7prQTS_N3Y,0;/watch?v=q7prQTS_N3Y;https://www.youtube.com/watch?v=q7prQTS_N3Y;https://www.youtube.com/watch?v=q7prQTS_N3Y;
/watch?v=1-JAx3nUwms,0;/watch?v=1-JAx3nUwms;https://www.youtube.com/watch?v=1-JAx3nUwms;https://www.youtube.com/watch?v=1-JAx3nUwms;
/watch?v=8FHBh_OmdsM,0;/watch?v=8FHBh_OmdsM;https://www.youtube.com/watch?v=8FHBh_OmdsM;https://www.youtube.com/watch?v=8FHBh_OmdsM;1
/watch?v=d0yGdNEWdn0,0;/watch?v=d0yGdNEWdn0;https://www.youtube.com/watch?v=d0yGdNEWdn0;https://www.youtube.com/watch?v=d0yGdNEWdn0;
/watch?v=w7BMaG3zyVo,0;/watch?v=w7BMaG3zyVo;https://www.youtube.com/watch?v=w7BMaG3zyVo;https://www.youtube.com/watch?v=w7BMaG3zyVo;0
/watch?v=LIEuU8CZjGQ,0;/watch?v=LIEuU8CZjGQ;https://www.youtube.com/watch?v=LIEuU8CZjGQ;https://www.youtube.com/watch?v=LIEuU8CZjGQ;0
/watch?v=wcKyq-e-Soo,0;/watch?v=wcKyq-e-Soo;https://www.youtube.com/watch?v=wcKyq-e-Soo;https://www.youtube.com/watch?v=wcKyq-e-Soo;0
/watch?v=tI8ijLpZaHk,0;/watch?v=tI8ijLpZaHk;https://www.youtube.com/watch?v=tI8ijLpZaHk;https://www.youtube.com/watch?v=tI8ijLpZaHk;1
/watch?v=HEdPX8pt_DQ,0;/watch?v=HEdPX8pt_DQ;https://www.youtube.com/watch?v=HEdPX8pt_DQ;https://www.youtube.com/watch?v=HEdPX8pt_DQ;
/watch?v=pkdgVYehiTE,0;/watch?v=pkdgVYehiTE;https://www.youtube.com/watch?v=pkdgVYehiTE;https://www.youtube.com/watch?v=pkdgVYehiTE;1
/watch?v=7bE2mI4ePeU,0;/watch?v=7bE2mI4ePeU;https://www.youtube.com/watch?v=7bE2mI4ePeU;https://www.youtube.com/watch?v=7bE2mI4ePeU;
/watch?v=aJdUVRAKmB8,0;/watch?v=aJdUVRAKmB8;https://www.youtube.com/watch?v=aJdUVRAKmB8;https://www.youtube.com/watch?v=aJdUVRAKmB8;0
/watch?v=G2_Q9FoD-oQ,0;/watch?v=G2_Q9FoD-oQ;https://www.youtube.com/watch?v=G2_Q9FoD-oQ;https://www.youtube.com/watch?v=G2_Q9FoD-oQ;
/watch?v=XF3P3KRn7EM,0;/watch?v=XF3P3KRn7EM;https://www.youtube.com/watch?v=XF3P3KRn7EM;https://www.youtube.com/watch?v=XF3P3KRn7EM;
/watch?v=rc57xiKQal8,0;/watch?v=rc57xiKQal8;https://www.youtube.com/watch?v=rc57xiKQal8;https://www.youtube.com/watch?v=rc57xiKQal8;
/watch?v=kE7D7qFayVg,0;/watch?v=kE7D7qFayVg;https://www.youtube.com/watch?v=kE7D7qFayVg;https://www.youtube.com/watch?v=kE7D7qFayVg;0
/watch?v=X5846PYLWIY,0;/watch?v=X5846PYLWIY;https://www.youtube.com/watch?v=X5846PYLWIY;https://www.youtube.com/watch?v=X5846PYLWIY;0
/watch?v=DxbMzZ5a2Zg,0;/watch?v=DxbMzZ5a2Zg;https://www.youtube.com/watch?v=DxbMzZ5a2Zg;https://www.youtube.com/watch?v=DxbMzZ5a2Zg;0
/watch?v=pynDvIsLoU0,0;/watch?v=pynDvIsLoU0;https://www.youtube.com/watch?v=pynDvIsLoU0;https://www.youtube.com/watch?v=pynDvIsLoU0;0
/watch?v=MHTa3aDczCk,0;/watch?v=MHTa3aDczCk;https://www.youtube.com/watch?v=MHTa3aDczCk;https://www.youtube.com/watch?v=MHTa3aDczCk;0
/watch?v=wKpZXVz-Jvs,0;/watch?v=wKpZXVz-Jvs;https://www.youtube.com/watch?v=wKpZXVz-Jvs;https://www.youtube.com/watch?v=wKpZXVz-Jvs;0
/watch?v=QoqohmccTSc,0;/watch?v=QoqohmccTSc;https://www.youtube.com/watch?v=QoqohmccTSc;https://www.youtube.com/watch?v=QoqohmccTSc;0
/watch?v=qiN67V5q3C4,0;/watch?v=qiN67V5q3C4;https://www.youtube.com/watch?v=qiN67V5q3C4;https://www.youtube.com/watch?v=qiN67V5q3C4;
/watch?v=w-eX4sZi-Zs,0;/watch?v=w-eX4sZi-Zs;https://www.youtube.com/watch?v=w-eX4sZi-Zs;https://www.youtube.com/watch?v=w-eX4sZi-Zs;0
/watch?v=Nn-_8IniOVk,0;/watch?v=Nn-_8IniOVk;https://www.youtube.com/watch?v=Nn-_8IniOVk;https://www.youtube.com/watch?v=Nn-_8IniOVk;
/watch?v=QaoVWtLX038,0;/watch?v=QaoVWtLX038;https://www.youtube.com/watch?v=QaoVWtLX038;https://www.youtube.com/watch?v=QaoVWtLX038;
/watch?v=cC0KxNeLp1E,0;/watch?v=cC0KxNeLp1E;https://www.youtube.com/watch?v=cC0KxNeLp1E;https://www.youtube.com/watch?v=cC0KxNeLp1E;
/watch?v=MmfikLimeQ8,0;/watch?v=MmfikLimeQ8;https://www.youtube.com/watch?v=MmfikLimeQ8;https://www.youtube.com/watch?v=MmfikLimeQ8;
/watch?v=MdZAMSyn_As,0;/watch?v=MdZAMSyn_As;https://www.youtube.com/watch?v=MdZAMSyn_As;https://www.youtube.com/watch?v=MdZAMSyn_As;
/watch?v=677ZtSMr4-4,0;/watch?v=677ZtSMr4-4;https://www.youtube.com/watch?v=677ZtSMr4-4;https://www.youtube.com/watch?v=677ZtSMr4-4;1
/watch?v=bKjH8WhSu_E,0;/watch?v=bKjH8WhSu_E;https://www.youtube.com/watch?v=bKjH8WhSu_E;https://www.youtube.com/watch?v=bKjH8WhSu_E;1
/watch?v=KMX1mFEmM3E,0;/watch?v=KMX1mFEmM3E;https://www.youtube.com/watch?v=KMX1mFEmM3E;https://www.youtube.com/watch?v=KMX1mFEmM3E;1
/watch?v=LooL6_chvN4,0;/watch?v=LooL6_chvN4;https://www.youtube.com/watch?v=LooL6_chvN4;https://www.youtube.com/watch?v=LooL6_chvN4;1
/watch?v=0NAvTEQ9eXQ,0;/watch?v=0NAvTEQ9eXQ;https://www.youtube.com/watch?v=0NAvTEQ9eXQ;https://www.youtube.com/watch?v=0NAvTEQ9eXQ;0
/watch?v=Qmla9NLFBvU,0;/watch?v=Qmla9NLFBvU;https://www.youtube.com/watch?v=Qmla9NLFBvU;https://www.youtube.com/watch?v=Qmla9NLFBvU;
/watch?v=fvPddKyHxpQ,0;/watch?v=fvPddKyHxpQ;https://www.youtube.com/watch?v=fvPddKyHxpQ;https://www.youtube.com/watch?v=fvPddKyHxpQ;1
/watch?v=SWZ_4YBFBhs,0;/watch?v=SWZ_4YBFBhs;https://www.youtube.com/watch?v=SWZ_4YBFBhs;https://www.youtube.com/watch?v=SWZ_4YBFBhs;1
/watch?v=uD3p_rZPBUQ,0;/watch?v=uD3p_rZPBUQ;https://www.youtube.com/watch?v=uD3p_rZPBUQ;https://www.youtube.com/watch?v=uD3p_rZPBUQ;1
/watch?v=r6UcW9xLxwo,0;/watch?v=r6UcW9xLxwo;https://www.youtube.com/watch?v=r6UcW9xLxwo;https://www.youtube.com/watch?v=r6UcW9xLxwo;0
/watch?v=CMGpPI0QocY,0;/watch?v=CMGpPI0QocY;https://www.youtube.com/watch?v=CMGpPI0QocY;https://www.youtube.com/watch?v=CMGpPI0QocY;0
/watch?v=GhlLtd19szw,0;/watch?v=GhlLtd19szw;https://www.youtube.com/watch?v=GhlLtd19szw;https://www.youtube.com/watch?v=GhlLtd19szw;0
/watch?v=CIx0a1vcYPc,0;/watch?v=CIx0a1vcYPc;https://www.youtube.com/watch?v=CIx0a1vcYPc;https://www.youtube.com/watch?v=CIx0a1vcYPc;0
/watch?v=pasyRUj7UwM,0;/watch?v=pasyRUj7UwM;https://www.youtube.com/watch?v=pasyRUj7UwM;https://www.youtube.com/watch?v=pasyRUj7UwM;1
/watch?v=iphcyNWFD10,0;/watch?v=iphcyNWFD10;https://www.youtube.com/watch?v=iphcyNWFD10;https://www.youtube.com/watch?v=iphcyNWFD10;0
/watch?v=DRxAVA6gYMM,0;/watch?v=DRxAVA6gYMM;https://www.youtube.com/watch?v=DRxAVA6gYMM;https://www.youtube.com/watch?v=DRxAVA6gYMM;1
/watch?v=oAHbLRjF0vo,0;/watch?v=oAHbLRjF0vo;https://www.youtube.com/watch?v=oAHbLRjF0vo;https://www.youtube.com/watch?v=oAHbLRjF0vo;0
/watch?v=4fuHzC9aTik,0;/watch?v=4fuHzC9aTik;https://www.youtube.com/watch?v=4fuHzC9aTik;https://www.youtube.com/watch?v=4fuHzC9aTik;
/watch?v=zUrDUxh5xS0,0;/watch?v=zUrDUxh5xS0;https://www.youtube.com/watch?v=zUrDUxh5xS0;https://www.youtube.com/watch?v=zUrDUxh5xS0;0
/watch?v=ENK245mtPTo,0;/watch?v=ENK245mtPTo;https://www.youtube.com/watch?v=ENK245mtPTo;https://www.youtube.com/watch?v=ENK245mtPTo;1
/watch?v=9KABcmczPdg,0;/watch?v=9KABcmczPdg;https://www.youtube.com/watch?v=9KABcmczPdg;https://www.youtube.com/watch?v=9KABcmczPdg;0
/watch?v=Iy7NzjCmUf0,0;/watch?v=Iy7NzjCmUf0;https://www.youtube.com/watch?v=Iy7NzjCmUf0;https://www.youtube.com/watch?v=Iy7NzjCmUf0;0
/watch?v=sj8Sg8qnjOg,0;/watch?v=sj8Sg8qnjOg;https://www.youtube.com/watch?v=sj8Sg8qnjOg;https://www.youtube.com/watch?v=sj8Sg8qnjOg;1
/watch?v=-eQaF6OmWKw,0;/watch?v=-eQaF6OmWKw;https://www.youtube.com/watch?v=-eQaF6OmWKw;https://www.youtube.com/watch?v=-eQaF6OmWKw;0
/watch?v=A-QgGXbDyR0,0;/watch?v=A-QgGXbDyR0;https://www.youtube.com/watch?v=A-QgGXbDyR0;https://www.youtube.com/watch?v=A-QgGXbDyR0;
/watch?v=9hUIxyE2Ns8,0;/watch?v=9hUIxyE2Ns8;https://www.youtube.com/watch?v=9hUIxyE2Ns8;https://www.youtube.com/watch?v=9hUIxyE2Ns8;0
/watch?v=R2NzN1ew9j0,0;/watch?v=R2NzN1ew9j0;https://www.youtube.com/watch?v=R2NzN1ew9j0;https://www.youtube.com/watch?v=R2NzN1ew9j0;0
/watch?v=T0Z73Zbtlyg,0;/watch?v=T0Z73Zbtlyg;https://www.youtube.com/watch?v=T0Z73Zbtlyg;https://www.youtube.com/watch?v=T0Z73Zbtlyg;0
/watch?v=iM_KMYulI_s,0;/watch?v=iM_KMYulI_s;https://www.youtube.com/watch?v=iM_KMYulI_s;https://www.youtube.com/watch?v=iM_KMYulI_s;0
/watch?v=RF-Mqs2qC-M,0;/watch?v=RF-Mqs2qC-M;https://www.youtube.com/watch?v=RF-Mqs2qC-M;https://www.youtube.com/watch?v=RF-Mqs2qC-M;0
/watch?v=TclUk6-63QQ,0;/watch?v=TclUk6-63QQ;https://www.youtube.com/watch?v=TclUk6-63QQ;https://www.youtube.com/watch?v=TclUk6-63QQ;0
/watch?v=PuSkexkHRb0,0;/watch?v=PuSkexkHRb0;https://www.youtube.com/watch?v=PuSkexkHRb0;https://www.youtube.com/watch?v=PuSkexkHRb0;
/watch?v=79_IsTV8X-c,0;/watch?v=79_IsTV8X-c;https://www.youtube.com/watch?v=79_IsTV8X-c;https://www.youtube.com/watch?v=79_IsTV8X-c;0
/watch?v=1zdZG6KFM0g,0;/watch?v=1zdZG6KFM0g;https://www.youtube.com/watch?v=1zdZG6KFM0g;https://www.youtube.com/watch?v=1zdZG6KFM0g;0
/watch?v=PX5-XyBNi00,0;/watch?v=PX5-XyBNi00;https://www.youtube.com/watch?v=PX5-XyBNi00;https://www.youtube.com/watch?v=PX5-XyBNi00;0
/watch?v=FXATwX5bVp8,0;/watch?v=FXATwX5bVp8;https://www.youtube.com/watch?v=FXATwX5bVp8;https://www.youtube.com/watch?v=FXATwX5bVp8;0
/watch?v=Xjq_ow5DrWY,0;/watch?v=Xjq_ow5DrWY;https://www.youtube.com/watch?v=Xjq_ow5DrWY;https://www.youtube.com/watch?v=Xjq_ow5DrWY;0
/watch?v=dFT2IKmwyfg,0;/watch?v=dFT2IKmwyfg;https://www.youtube.com/watch?v=dFT2IKmwyfg;https://www.youtube.com/watch?v=dFT2IKmwyfg;
/watch?v=kCC8UIPrASA,0;/watch?v=kCC8UIPrASA;https://www.youtube.com/watch?v=kCC8UIPrASA;https://www.youtube.com/watch?v=kCC8UIPrASA;0
/watch?v=zttC2x9nMEw,0;/watch?v=zttC2x9nMEw;https://www.youtube.com/watch?v=zttC2x9nMEw;https://www.youtube.com/watch?v=zttC2x9nMEw;0
/watch?v=RCXGpEmFbOw,0;/watch?v=RCXGpEmFbOw;https://www.youtube.com/watch?v=RCXGpEmFbOw;https://www.youtube.com/watch?v=RCXGpEmFbOw;
/watch?v=bBrUrgNf5y8,0;/watch?v=bBrUrgNf5y8;https://www.youtube.com/watch?v=bBrUrgNf5y8;https://www.youtube.com/watch?v=bBrUrgNf5y8;0
/watch?v=PRSoRkM8GcM,0;/watch?v=PRSoRkM8GcM;https://www.youtube.com/watch?v=PRSoRkM8GcM;https://www.youtube.com/watch?v=PRSoRkM8GcM;
/watch?v=pCON4zfMzjU,0;/watch?v=pCON4zfMzjU;https://www.youtube.com/watch?v=pCON4zfMzjU;https://www.youtube.com/watch?v=pCON4zfMzjU;
/watch?v=IesIsKMjB4Y,0;/watch?v=IesIsKMjB4Y;https://www.youtube.com/watch?v=IesIsKMjB4Y;https://www.youtube.com/watch?v=IesIsKMjB4Y;0
/watch?v=iR4CFiuR3tQ,0;/watch?v=iR4CFiuR3tQ;https://www.youtube.com/watch?v=iR4CFiuR3tQ;https://www.youtube.com/watch?v=iR4CFiuR3tQ;0
/watch?v=x0MjZOR89Fk,0;/watch?v=x0MjZOR89Fk;https://www.youtube.com/watch?v=x0MjZOR89Fk;https://www.youtube.com/watch?v=x0MjZOR89Fk;
/watch?v=VFWbuKr5-I8,0;/watch?v=VFWbuKr5-I8;https://www.youtube.com/watch?v=VFWbuKr5-I8;https://www.youtube.com/watch?v=VFWbuKr5-I8;0
/watch?v=eyqwLiowZiU,0;/watch?v=eyqwLiowZiU;https://www.youtube.com/watch?v=eyqwLiowZiU;https://www.youtube.com/watch?v=eyqwLiowZiU;
/watch?v=r15_6z9xryo,0;/watch?v=r15_6z9xryo;https://www.youtube.com/watch?v=r15_6z9xryo;https://www.youtube.com/watch?v=r15_6z9xryo;0
/watch?v=3SAxXUIre28,0;/watch?v=3SAxXUIre28;https://www.youtube.com/watch?v=3SAxXUIre28;https://www.youtube.com/watch?v=3SAxXUIre28;1
/watch?v=bf7BXwVeyWw,0;/watch?v=bf7BXwVeyWw;https://www.youtube.com/watch?v=bf7BXwVeyWw;https://www.youtube.com/watch?v=bf7BXwVeyWw;
/watch?v=q7v5NtV8v6I,0;/watch?v=q7v5NtV8v6I;https://www.youtube.com/watch?v=q7v5NtV8v6I;https://www.youtube.com/watch?v=q7v5NtV8v6I;1
/watch?v=CeuIop_j2bI,0;/watch?v=CeuIop_j2bI;https://www.youtube.com/watch?v=CeuIop_j2bI;https://www.youtube.com/watch?v=CeuIop_j2bI;1
/watch?v=p-MNSLsjjdo,0;/watch?v=p-MNSLsjjdo;https://www.youtube.com/watch?v=p-MNSLsjjdo;https://www.youtube.com/watch?v=p-MNSLsjjdo;1
/watch?v=TgA2y-Bgi3c,0;/watch?v=TgA2y-Bgi3c;https://www.youtube.com/watch?v=TgA2y-Bgi3c;https://www.youtube.com/watch?v=TgA2y-Bgi3c;0
/watch?v=zNzzGgr2mhk,0;/watch?v=zNzzGgr2mhk;https://www.youtube.com/watch?v=zNzzGgr2mhk;https://www.youtube.com/watch?v=zNzzGgr2mhk;
/watch?v=qaIghx4QRN4,0;/watch?v=qaIghx4QRN4;https://www.youtube.com/watch?v=qaIghx4QRN4;https://www.youtube.com/watch?v=qaIghx4QRN4;
/watch?v=F-nNTGK0wFw,0;/watch?v=F-nNTGK0wFw;https://www.youtube.com/watch?v=F-nNTGK0wFw;https://www.youtube.com/watch?v=F-nNTGK0wFw;
/watch?v=opqIa5Jiwuw,0;/watch?v=opqIa5Jiwuw;https://www.youtube.com/watch?v=opqIa5Jiwuw;https://www.youtube.com/watch?v=opqIa5Jiwuw;
/watch?v=kF4ju6j6aLE,0;/watch?v=kF4ju6j6aLE;https://www.youtube.com/watch?v=kF4ju6j6aLE;https://www.youtube.com/watch?v=kF4ju6j6aLE;
/watch?v=0g9SlVdv1PY,0;/watch?v=0g9SlVdv1PY;https://www.youtube.com/watch?v=0g9SlVdv1PY;https://www.youtube.com/watch?v=0g9SlVdv1PY;
/watch?v=c0bsKc4tiuY,0;/watch?v=c0bsKc4tiuY;https://www.youtube.com/watch?v=c0bsKc4tiuY;https://www.youtube.com/watch?v=c0bsKc4tiuY;
/watch?v=6N3hffFYe_U,0;/watch?v=6N3hffFYe_U;https://www.youtube.com/watch?v=6N3hffFYe_U;https://www.youtube.com/watch?v=6N3hffFYe_U;
/watch?v=8HbvY1ZDhwg,0;/watch?v=8HbvY1ZDhwg;https://www.youtube.com/watch?v=8HbvY1ZDhwg;https://www.youtube.com/watch?v=8HbvY1ZDhwg;0
/watch?v=f7MzFfuNOtY,0;/watch?v=f7MzFfuNOtY;https://www.youtube.com/watch?v=f7MzFfuNOtY;https://www.youtube.com/watch?v=f7MzFfuNOtY;
/watch?v=mf5otGNbkuc,0;/watch?v=mf5otGNbkuc;https://www.youtube.com/watch?v=mf5otGNbkuc;https://www.youtube.com/watch?v=mf5otGNbkuc;
/watch?v=FX1HaV_qjOM,0;/watch?v=FX1HaV_qjOM;https://www.youtube.com/watch?v=FX1HaV_qjOM;https://www.youtube.com/watch?v=FX1HaV_qjOM;0
/watch?v=5ncOyYzOP3w,0;/watch?v=5ncOyYzOP3w;https://www.youtube.com/watch?v=5ncOyYzOP3w;https://www.youtube.com/watch?v=5ncOyYzOP3w;0
/watch?v=IHZwWFHWa-w,0;/watch?v=IHZwWFHWa-w;https://www.youtube.com/watch?v=IHZwWFHWa-w;https://www.youtube.com/watch?v=IHZwWFHWa-w;1
/watch?v=LmpAntNjPj0,0;/watch?v=LmpAntNjPj0;https://www.youtube.com/watch?v=LmpAntNjPj0;https://www.youtube.com/watch?v=LmpAntNjPj0;1
/watch?v=6H_9l9N3IXU,0;/watch?v=6H_9l9N3IXU;https://www.youtube.com/watch?v=6H_9l9N3IXU;https://www.youtube.com/watch?v=6H_9l9N3IXU;
/watch?v=r2Cd9gChRnc,0;/watch?v=r2Cd9gChRnc;https://www.youtube.com/watch?v=r2Cd9gChRnc;https://www.youtube.com/watch?v=r2Cd9gChRnc;0
/watch?v=Ilg3gGewQ5U,0;/watch?v=Ilg3gGewQ5U;https://www.youtube.com/watch?v=Ilg3gGewQ5U;https://www.youtube.com/watch?v=Ilg3gGewQ5U;1
/watch?v=NaL_Cb42WyY,0;/watch?v=NaL_Cb42WyY;https://www.youtube.com/watch?v=NaL_Cb42WyY;https://www.youtube.com/watch?v=NaL_Cb42WyY;1
