videoId,title,author,viewCount,likes,dislikes,tags,lengthSeconds,IsEducational
Z5bTMIdn8O4,Calcolo di un integrale definito,Giulio Broccoli,26837,179,12,"Video Lezioni di matematica cura Giulio D. Broccoli,matematica,facileesercizi,svolti,funzioni,geometria analitica,integrali,limiti,disequazioni,matrici,equazioni,sistemi lineari,integrale definito,integrale indefinito",358.0,1
hI9CaQD7P6I,Proof that 1 = 2.,John Hush,3280461,92620,7549,"proof;,2;,Mr.,John,Hush",179.0,1
BxpjA9t4dJE,Simple Pure CSS Spinners,Traversy Media,53288,2920,25,"css spinners,css loaders,css,css3,css animation,css keyframes,css loading,loading spinner",903.0,1
mQ-8gnnieRA,"$50 Fake MacBook Pro vs $1,500 MacBook Pro",Jonathan Morrison,4793187,48419,7498,"Apple,MacBook Pro,Fake MacBook,Fake MacBook Pro,MacBook Pro Clone,MacBook Pro Dummy,Tech,Unboxing,2017,iPhone,Fake iPhone,iphone 7,samsung,iphone 7 plus,airpods,mac,macbook,gadgets,android,new macbook pro,fake,best,jonathan morrison,tld,jet black airpods,samsung galaxy s8,samsung galaxy s8 unboxing,pro,video,airpods review,review,technology,2016,2016 macbook pro,touch bar",267.0,0
eTOKcxIujgE,Eros Ramazzotti - Pi√π Bella Cosa (videoclip),ErosRamazzottiVEVO,66982148,185528,11516,"Eros Ramazzotti,Pi√π Bella Cosa,Pop,Sony BMG Music Entertainment",267.0,0
dUFxaQc7B8k,Top 10 Longest any% Speedruns,EZScape,619767,7582,1286,"Super Mario 64,SM64,any%,speedrun,Biggest,Skips,Glitches,Glitch,Speedrunning,Top 10,Banjo,Spyro,Crash,Jak and Daxter,Legend of Zelda,Link's Awakening,Super,Mario,World,Donkey,Kong,64,Sonic,06,Meat,Boy,Pokemon,Dark,Souls,Legend of Dragoon,Pokemon Stadium 2,Xenogears,Dragon Quest,Final,Fantasy,Gran Turismo,ezscape",681.0,0
STpKoVY2ri8,Mastered UI Goku vs All Goku's Transformations - DragonBall Xenoverse 2,BjornTheBear,3302751,31275,2440,"xenoverse 2,dragon ball super,goku,jiren,vegeta,manga,anime,new dragon ball movie",982.0,0
X32dce7_D48,Why is 0! = 1?,Eddie Woo,3263485,85654,2235,,365.0,1
IOZO13rdhwU,integrali definiti (definizione e propriet√†),Claudio Desiderio,9800,128,2,,1037.0,1
w1f6o1HQBvg,Il Volo - Grande amore (Videoclip),IlVoloVEVO,145474922,706007,58874,"Il Volo,IlVolovevo,vevo,official,video,music video,hq,single,album,Grande amore,Columbia,Pop,Il Volo Grande Amore",225.0,0
CvKXdhB_y9I,Top 10 Paper Mario Speedrun Moments in Smash The Record 2015 - IateYourPie STR 2015 Highlights,KoiandDragon,181059,1396,62,"Super Smash Bros. Brawl (Video Game),Super Smash Bros. Melee (Video Game),Super Smash Bros. (Video Game Series),Super Smash Bros. (Video Game),Super Smash Bros. For Nintendo 3DS And Wii U (Video Game),smash the record 2015,best of smash the record 2015,best of smash the record,koianddragon,Speedrun (Website Category),Paper Mario: The Thousand-Year Door (Video Game),iateyourpie paper mario,iateyourpie mario maker,iateyourpie speedrun,paper mario speed run",609.0,0
6S66jorlkeY,Proof that 1 = 2,aggieneer02,10484,68,27,"Proof,that,1,=,2",285.0,1
VcOCCrKlXRM,Laura Pausini-Strani Amori,mateus2156,17220546,48813,2660,"laura,pausini,strani,amori,italy,song,finland,speedstream,speedstream130",256.0,0
8N1cKs9JRq0,Top 10 Must Have MacBook Pro Accessories for 2017,Pro Hacker,907072,3977,1553,"prophethacker,macbook accessories,macbook pro accessories,apple macbook pro accessories,apple macbook accessories,macbook pro 2016,macbook,macbook 2016,apple macbook 2016,apple,best macbook pro accessories,macbook pro 2016 review,macbook pro 16 accessories,apple macbook,macbook pro 16 usb hub,macbook pro 16 stand,macbook pro,2016 macbook pro,2016 macbook,gadgets,tech,technology,retina display,2016,12 inch macbook,touch bar,touchbar,accessoris,amazon,usb-c",990.0,0
wutztfYqk0I,Top 10 Cringey Unluckiest Speedrun FAILS!,TheGamer,1437765,8560,4947,"speed run,choke,fail,Twitch,RNG,bad luck,Pokemon,Wind Waker,Super Mario,random,so close,Streamer,Final Fantasy 10,10,List,Fun,Funny,Family,Kids,Friends,Video,Movies,Popular,Entertaining,Entertainment,Video games,Games,Glitches,Glitch,Hidden,Secrets,Boss,cringey",659.0,0
5njUvlLWoRI,2+2=6 proof by calculus,S.Ramanujan Mind,1637041,9341,6799,"bb ki vines,shirley setia,2+2=5,2+2=6,1=2 proof,hinglish facts,total hack,sanam,technical guruji,ytadvise,my smart support,mathbff,Numberphile,s.ramanujan mind,Ramanujan,aaiye sikhte hai",290.0,1
wEbiwj0CY4U,Regole per il Calcolo degli Integrali Definiti (10),Marcello Dario Cerroni,9053,45,3,Integral,814.0,1
CTXcB8w5JQc,Prima lezione di INFORMATICA (prof. Giovanni Gallo),zamm√π multimedia - Universit√† di Catania,76107,449,26,"Universit√† di Catania,Prime lezioni di,Informatica,Zamm√πTv,Cof,Capitt",3819.0,1
MFZsxoen5Y0,FINAL BATTLE! Mastered Ultra Instinct Goku vs Jiren! Goku DEFEATED!? Dragon Ball Xenoverse 2!,Legendary Agwang,921256,11904,557,"Dragonball,Xenoverse,GT,Super,AF,Mods,Modding,Tutorial,Tut,Goku,Gohan,Trunks,Vegeta,Frieza,SSGSS,SSJ1,Saiyan",270.0,0
b617FReb9YI,Eros Ramazzotti - Quanto Amore Sei,ErosRamazzottiVEVO,23346433,40988,2718,"Pop,Eros Ramazzotti,Sony,BMG,Music,Entertainment,Quanto Amore Sei",251.0,0
K-HFRtLaxqY,Super Meat Boy any% (wrongwarp) in 0:04:47,VorpalSDA,711752,4860,458,"Super Meat Boy (Video Game),Glitch (Video Game),Speedrun (Website Category)",477.0,0
5q7BSLylhTo,"MacBook Pro 13"" (2017) vs Microsoft Surface Laptop - Full Comparison!",Justin Tse,777800,8595,654,"jtechapple,jtechappletv,apple macbook,apple macbook pro,macbook pro 13,best student laptop,best laptop for school,mac vs pc,microsoft surface laptop,mac os,windows 10,microsoft surface,surface laptop,surface pro,macbook pro 2017,apple macbook pro 2017,2017,speed test,comparison,touch bar,touchbar,microsoft surface laptop vs macbook pro,apple,macbook pro review,microsoft surface laptop review,macbook pro review 2017,performance,video editing,gaming",950.0,0
HibcMLxj55g,Apple WWDC 2018 Keynote in 6 Minutes: YouTuber Edition!,Jonathan Morrison,367393,14255,557,"WWDC Keynote,WWDC,WWDC 2018,WWDC 2018 Keynote,WWDC Recap,Recap,WWDC 2018 Recap,iOS 12,iOS 12 Features,macOS Mojave,macOS Mojave Features,MacBook,MacBook Pro,iPhone X,Apple,ios 12 beta 1,ios 12 released,ios 12 update,apple keynote,macos mojave,apple event june 2018,ios 12 rumors,macos,ios 12 release date,ios 12 beta,ios,iphone,macos 10.14,ios 12 new features",370.0,0
J2z5uzqxJNU,Dividing by zero?,Eddie Woo,2379230,60045,1820,"math,maths,mathematics,Division By Zero",549.0,1
DWKe6i-ia9c,Significato Geometrico degli Integrali ed Area tra due Curve,Elia Bombardelli,125782,2055,21,"integrali,area,integrali area,area tra due funzioni,analisi,calcolo area,integrali definiti,area grafico funzione,integrale,significato geometrico,grafico,sottografico,asse,sottesa,funzione,area sottesa al grafico,integrazione,definiti,definito,integrale definito,tablet pc,wacom,hp,video,lezioni,matematica,lessthan3math",899.0,1
LGW12hBxUbs,Best Mods of the Week (+ New Stage) - Dragon Ball FighterZ,BjornTheBear,248969,3372,187,"dragon ball fighterz,db fighterz,fighterz mods,dragon ball super,goku,jiren,vegeta,new dragon ball movie 2018",226.0,0
7rULs35adVA,Presentazione del corso BIG DATA E BASI DI DATI AZIENDALI,Universit√† Telematica Internazionale UNINETTUNO,681,3,0,"Big Data,Basi di Dati,Aziendali,Giovanni Alfredo Barbieri,Uninettuno,UTIU",417.0,1
C6dpQWnRII0,Eros Ramazzotti - Se bastasse una canzone (Videoclip),ErosRamazzottiVEVO,23083822,55851,2638,"Eros Ramazzotti,Pop,Se bastasse una canzone,Sony BMG Music Entertainment",264.0,0
74Tw4sm34LQ,[Former Record] Cuphead - Any% in 24:58,The Mexican Runner,1079264,14917,919,"twitch,games,Cuphead,TMR,Complete,Beaten,TheMexicanRunner,NESMania,NES,Speedrun,SRL,Speed,Demos,Runs,Live,Nintendo,Let's Play,Super,Twitch,justin.tv,TMB,World Record,Rage Combo,Rage,Combo,Nintendomania,Games,Juegos,Runner,The,Mexican,Q*Bert,Qbert,Playthrough,Walktrough,Stream,Streamer,Impossible,Legit,Any%",1781.0,0
pEnXNd2z9bo,Unboxing The New $5000 MacBook Pro,Unbox Therapy,3224105,56618,3861,"unbox therapy,unboxtherapy,( Õ°¬∞ Õú ñ Õ°¬∞),tech,technology,gadgets,gadget,unboxing,review,unbox,therapy,new,youtube,macbook pro,new macbook pro,touch bar,macbook pro touch bar,2016,apple macbook pro,apple,macbook,pro,13,15,15 macbook pro,touch,bar,2016 macbook pro,touchbar,macbook pro 15,2016 macbook pro review,apple inc. (publisher),macbook pro review,macbook pro unboxing,macbook touch bar,space grey macbook pro,2016 macbook pro unboxing,macbook pro 2016",386.0,0
bjUoQbSJDJs,10 Stunning CSS 3D Effect You Must See,Red Stapler,606742,18223,721,"css 3d,css 3d animation,css 3d effect,css 3d text,css 3d button,css 3d cube,cool css effect,cool css design,css design idea,css idea,web design idea,web design inspiration,css3 example,3d css,css animation,css 3d transform animation,css 3d transform",180.0,0
xlBhqDOxolk,UI Beerus vs UI Goku (The Final Battle) - Dragon Ball Xenoverse 2,BjornTheBear,261564,4072,265,"dragon ball xenoverse 2,xenoverse 2,xenoverse 2 mods,dbxv2,dragon ball super,goku,vegeta,jiren,beerus,new dragon ball movie 2018",613.0,0
SnQNrYOvWR4,Top 10 Luck Dependent Speedruns,EZScape,873714,13859,522,"Top,10,Ten,Speedrun,Speedruns,Speedrunning,Speed,Run,SR,Choke,Chokes,WR,Personal,Best,PB,Games,Done,Quick,EZScape,GDQ,Apollo,Legend,of,Zelda,Ocarina,Time,OOT,WWHD,Wind,Waker,HD,Pokemon,Super,Mario,64,Luck,Dependent,Based,RNG,Glitch,Skip,Fail",698.0,0
Zb18eEvBNh0,NEW MacBook Pro TouchBar Review! | iJustine,iJustine,2279913,29613,4543,"ijustine,touch bar,macbook touchbar,macbook touch bar,review,how to use macbook touch bar,macbook,apple macbook touch bar,touch pad,touch key,butterfly keyboard,emoji,touch screen macbook,Apple",617.0,0
knMM9dRwIH4,The Best 2017 iMac Apple Doesn't Sell!,Snazzy Labs,1436233,26958,1217,"snazzy labs,quinn nelson,snazzyq,imac modification,fully loaded imac,diy imac,hackintosh vs imac,imac vs hackintosh,build a mac,imac cheap,best apple computer,best imac,best apple products,gaming on an imac,imac vs custom pc,2015 vs 2017 5k imac,2017,2017 imac,kaby lake imac,best mac apple doesn't sell,apple,most powerful mac,macbook pro vs imac,2017 imac review,ddr4,upgrade cpu,upgrade ram,upgrade ssd,imac pro,5k imac,imac,retina",534.0,0
r0_mi8ngNnM,What is 0 to the power of 0?,Eddie Woo,2546027,49766,1720,,862.0,1
9AVhwGKV2TE,integrale definito,luigia genoni,1161,6,1,,340.0,1
HUbi0z0msrk,THE MOST COMPLETE AND UPDATED ROSTER OF DRAGON BALL XENOVERSE 2 VERSION 1.09.04 (2000+ MODS),FNAV Producciones,573717,4421,581,,2140.0,0
kCQ4m-ui6yQ,Il Volo - L'amore si muove (Videoclip),IlVoloVEVO,35541196,160979,9516,"Il Volo Music,Il Volo Official Video,Il Volo Video,Il Volo Video Oficial,Il Volo Nuevo Video,Il Volo New Video,L'amore si muoveOfficial Video,Official Video,L'amore si muove Official Remix Video,L'amore si muove Single,Single,L'amore si muove Official Video,Il Volo New Single,Il Volo Single,Il Volo Song,L'amore si muove new song,L'amore si muove nueva canci√≥n,Il Volo nueva cancion,Il Volo sencillo,Il Volo nuevo sencillo,Il",298.0,0
WQpwcU8FTZk,Top 10 Yoshi's Island Speedrun Moments in Smash The Record 2015 - Trihex STR 2015 Highlights,KoiandDragon,198970,1646,47,"Super Smash Bros. Brawl (Video Game),Super Smash Bros. Melee (Video Game),Super Smash Bros. (Video Game Series),Super Smash Bros. (Video Game),Super Smash Bros. For Nintendo 3DS And Wii U (Video Game),smash the record 2015,best of smash the record 2015,best of smash the record,koianddragon,Super Mario World 2: Yoshi's Island (Video Game),Yoshi (Fictional Character),Speedrun (Website Category),trihex,trihex yoshi's island,trihex speedrun,grsmash top 10,grsmash",603.0,0
7QpJ_VDbIPA,MacBook Pro with TOUCHBAR Review,CaseyNeistat,5992210,145950,10832,,586.0,0
nlJ4WIj3j24,10¬†Signs  You‚Äôre Way More Intelligent Than You Realize,BRIGHT SIDE,12811208,197894,31568,"self-esteem,how to become confident,psychology tricks,self-respect,psychology,interesting facts,psychology of human behaviour,psychology facts,facts about people,psychological tricks,human nature,facts about human body,amazing facts,shocking facts,facts you never knew,brain power,body language,scientific facts,things you‚Äôve never seen,unusual things",647.0,0
_pYfw-_KfIE,Teorema della media e teorema di Torricelli,Claudio Desiderio,13654,199,7,"Claudio Desiderio,Desiderio Claudio,Teorema della media,integrali definiti,Torricelli,teorema di Torricelli",990.0,1
joc5J-poAxg,GODLY BATTLE! Zeno VS All 12 Gods of Destruction - Dragon Ball Xenoverse 2 Mods,GOWBuuzer,1295222,9286,817,"dragon ball,dragonball z,GT,super,dragonball af,goku,vegeta,zell,freezer,frieza,cell,majin buu,baby,ssj blue,hack,mod,texture,PS4,xenoverse,PSP,tenkaichi tag team,GOWBuuzer,ssj5,gameplay,ps3,pc,download,trailer,shin budokai,PGV,gogeta,vegito,zamasu,goku black,ssj rose,beerus,bills,whis,vados,champa,hit,zeno,zeno-sama,episode,xenoverse 2,DLC,ssj4,budokai tenkaichi 3,daishinkan",290.0,0
ajTUqSXzZis,5 MacBook Upgrades from Amazon!,Dave Lee,931654,19994,1032,"Dave2D,dave lee,macbook pro,best macbook pro accessories,macbook pro accessories 2018,macbook,usb c,apple,laptop,notebook,best macbook accessories,macbook gadgets,macbook air accessories,apple imac accessories,best accessories for mac,xps,accessory,accessories",348.0,0
IiAVsYnHtwM,Vivo per lei con testo -Andrea Bocelli e Giorgia,Ile,11205785,36489,4063,"Andrea,Bocelli,Giorgia,Vivo,per,lei.",259.0,0
iBZaLPEhq04,Eros Ramazzotti - Un'Emozione Per Sempre,ErosRamazzottiVEVO,26819102,60409,3017,"Pop,Un'Emozione Per Sempre,Eros Ramazzotti,Sony,BMG,Music,Entertainment",235.0,0
Hnl4AyEO1I8,Mario & Luigi: Superstar Saga by altabiscuit in 1:29:28 - Summer Games Done Quick 2015 - Part 120,Games Done Quick,428429,2910,91,"AGDQ,Awesome Games Done Quick,Competition,GDQ,Game,Games Done Quick,Gaming,Mario,Metroid,M√©decins Sans Fronti√®res (Nonprofit Organization),Ocarina of Time,SDA,SGDQ,SRL,Speed Demos Archive,SpeedRunsLive,Speedrun,Summer Games Done Quick,Summer Games Done Quick 2015,Symphony of The Night,Twitch,Video Games,Zelda,eSport,eSports,speedrun,world records",6374.0,0
IUTGFQpKaPU,The Most Beautiful Equation in Math,Carnegie Mellon University,3889767,72790,2649,,230.0,1
8dOM8EHJoCE,Area segmento parabolico,Prof. Pica,1513,21,0,,263.0,1
bXsv_F0kfrs,New Macbook Air 2018 - Unboxing,LogicalBee,267129,1438,452,"Unboxing,Macbook air 2017,Macbook air Paytm,Apple macbook air unboxing,macbook air 2018,Apple macbook air 2018,Macbook Air 2018 - Unboxing,macbook air 2017 unboxing philippines,apple macbook air unboxing 2018,apple macbook air unboxing and review,apple macbook air 2018 review,macbook air 2017 review,macbook air 2017 gaming,macos high sierra bootable usb,New Macbook Air 2018,best laptop,macbook air vs macbook pro,hands on,new macbook air,apple macbook",296.0,0
PJjXnkd6bUQ,Eros Ramazzotti & Tina Turner - Cose Della Vita | VideoClip ·¥¥·¥∞,congodfather,39178570,141826,4623,"eros,ramazzotti,tina,turner,hd,new,duet,cose,della,vita,cant,stop,thinking,of,you,HD,Rock Music,video clip,official,Tina Turner (Singer),Singing (Professional Field),New (song),Song,clip,NEW,cose della vita,Official VideoClip",298.0,0
aRdcptG365I,Most awkward moments at Minecon 2013,Crowbcat,5036223,67587,2483,"superkai64,notch,minecraft,cringe",496.0,0
No-T6NIytFE,A Teacher Changed My Life - Eddie Woo on SBS Insight,Eddie Woo,110291,1933,31,"math,maths,mathematics",284.0,0
GWM0elaag2s,maturitaÃÄ scientifica 2017 questionario quesito 1,Claudio Desiderio,1718,27,0,"Claudio,Desiderio,maturit√† scientifica 2017,quesito 1,integrali per parti",350.0,1
BxpFMrEAwqc,Cac Goku Transformations SSJ1-SSJ2-SSJ3-SSG-SSB-SSBK-SSBKx10-SSBKx20 and Ultra Instinct [XV2],Game Finisher,4006886,33960,2063,"dragon ball xenoverse 2,dragon ball super,dragon ball z,game finisher,Goku's New Form,Dragon Ball Z Transformations,Dragon Ball Xenoverse 2 Transformations,Ultra Instinct for Cac,Cac,Custom Transformations,Ultra Instinct Transformation for Cac,SSJ1-SSJ2-SSJ3-SSJ4-SSJ5-SSG-SSB-SSB Kaioken & Ultra Instinct,SSJ1-SSJK-SSJ3-SSG-SSB-SSB Kaioken & Ultra Instinct,Xeno Vegito Transformations,Dragon Ball Xenoverse 2 Custom Xeno Vegito Transformations,Cac Goku Transformations",388.0,0
4QrGdzYiNFY,The MacBook Pro Survival Kit [2018],MrMobile [Michael Fisher],650068,11395,503,"macbook 2018,dockcase review,hyperdrive macbook pro,anker powercore review,anker powercore 26800,microsoft arc mouse touch,rain design mstand 360,qwerkywriter,lofree,mrmobile,michael fisher,macbook accessories,macbook pro 2018,macbook pro 2017",418.0,0
mAZ-gT0Ip-0,Il Volo - Grande amore (ITALY) Eurovision 2015: GRAND FINAL,Marjan Andonov,3578651,20249,723,"Eurovision Song Contest 2015,Grande Amore,Il Volo (Musical Artist),Italy (Country),Norway,Eurovision Song Contest (Recurring Competition)",216.0,0
9_guNEfxTII,The Best Italian Songs !!,Ervin Jano,27215745,94614,10574,"Italia,italian,Italian songs,Italiano",5499.0,0
5O5EC06b-xg,Top 10 Saddest Moments In Speedrunning,gladJonas,701121,6158,738,"top 10 saddest moments in speedrunning,sad moments in speedrunning,speedrunning sad,speedrunning biblethump,speedrunning fail,speedrun sad moments,mikamihero,exarionu,benafar,linkus7,inthedarkness5,clintstevens,mr_zg,somewes,speedrun,compilation",657.0,0
W2sIvBq2iAk,"zero factorial, why 0! should be 1, 4 reasons",blackpenredpen,108307,2743,86,"zero factorial,why is 0! =1,0!=1,gamma function,pi function,power series,blackpenredpen,math for fun,0^0 convention,defintion of 0!,permutation of 0 things,power series for zero factorial,0 factorial,factoreo",778.0,1
AqcMAn10448,MATEMATICA - PRIMITIVE E INTEGRALI INDEFINITI,Gianna M. Farnocchia,9625,133,4,"matematica,Primitivi e indefiniti,abilatest,lezioni gratis,lezioni online,matematica 5 anno,matematica classe 5,lezioni matematica,matematica liceo scientifico,licei",545.0,1
QlSShPVcxfg,Dragon Ball Xenoverse 2 : Goku Transforms Into Ultra Instinct Complete Story DLC (Japanese Voices),DBZanto Z,1985375,17697,1295,"Dragon Ball Xenoverse 2 Art Box Cover,Dragon Ball Super,DLC,Xenoverse 2 Gameplay,XENOVERSE 2,DRAGON BALL FighterZ,Perfect Ultra Instinct Goku Xenoverse 2,Perfect Ultra Instinct Goku,Super Saiyan White,Master Ultra Instinct Transformation,Extra Pack 2 DLC,DLC Pack 6,Limit Breaker Goku,Dual Ultimate Attack,Xenoverse 2 Ultra Instinct Transformation,Dragon Ball Xenoverse 2 : Goku Transforms Into Ultra Instinct Complete Story DLC (Japanese Voices)",803.0,0
-zCsllWJ3A8,Review: 13-inch MacBook Pro (Without Touch Bar): Is it worth a look?,9to5Mac,1289704,7598,535,"9to5Mac,2016 MacBook Pro,2016 MacBook Pro Review,MacBook Pro Review,MacBook Pro with Function Keys,MacBook Pro with Two Thunderbolt ports,MacBook Pro Thunderbolt 3,MacBook Pro Wide Color,MacBook Pro worth it,Entry Level MacBook Pro,Should I buy a MacBook Pro,Is the MacBook Pro a rip off,2016 MacBook Pro Hands-on,New MacBook Pro Review,New MacBook Pro Unboxing,2016 MacBook Pro Unboxing",973.0,0
fK8LrzzC4-8,Marco Mengoni - Guerriero (Videoclip),MarcoMengoniVEVO,82085706,380836,19514,"Marco Mengoni,MarcoMengonivevo,vevo,official,video,music video,hq,single,album,Guerriero,Parole in circolo,pop,Pop,RCA Label Group/RLG,Marco Mengoni Guerriero",332.0,0
UojBaKX5Vz4,Eros Ramazzotti - La Cosa Mas Bella (Pi√π Bella Cosa) (videoclip),ErosRamazzottiVEVO,227056746,526607,35739,"Eros Ramazzotti,ErosRamazzottivevo,vevo,official,video,music video,hq,single,album,La Cosa Mas Bella,Pi√π Bella Cosa,La Cosa Mas Bella (Pi√π Bella Cosa),Pop,Sony BMG Music Entertainment",266.0,0
Ev-QpxN8wPo,(4:57.260) Super Mario Bros. any% speedrun *Former World Record*,darbian,3592769,27645,1132,"twitch,games,Mario,Super Mario Bros,Speedrun",417.0,0
i5gxEhNDYls,Ali Nesin- 0! (Sƒ±fƒ±r Fakt√∂riyel) Neden 1'e E≈üittir,Pisagor Matematik Evi,829023,18482,530,"belirsizlik,tanƒ±msƒ±zlƒ±k,belirsiz,tanƒ±msƒ±z,ali nesin,mustafa yaƒücƒ±,haluk memili,pisagor matematik evi,nesin matematik k√∂y√º,nmk,matematik,geometri,derin matematik,k√ºmeler kuramƒ±,0!,sƒ±fƒ±r fakt√∂riyel,0 √ºzeri 0,sƒ±fƒ±r √ºzeri sƒ±fƒ±r,sƒ±fƒ±rƒ±ncƒ± kuvvet,lys,ygs,y√∂ks,yks,teog,lise,ispat,matematiksel ispatlar,eƒüitim,√∂ƒüretim,lisans dersleri,teog dersleri,√∂zel ders,√∂zel okul,√∂zel √ºniversite,ders videolarƒ±,orta√∂ƒüretim matematik,lise matematik,teog matematik",559.0,1
NTe1FQY9gn0,"Integrali indefiniti (secondo step, goniometrici ed esponenziali)",Claudio Desiderio,13731,147,2,"integrali indefiniti,integrali goniometrici,integrali immediati,integrali di funzioni esponenziali,integrali con funzioni circolari inverse,flipped math,www.claudiodesiderio.wordpress.com",999.0,1
alQ1hlfNI_o,Corso sulle banche dati parte 01 - introduzione,Nicola Jelmorini,10750,48,5,"Linux,Ubuntu operating system,Libreoffice Base,Database",1300.0,1
YpcrlbmWgb8,How to Properly Wrap Your MacBook Power Cord to Avoid Damaged or Fraying,TheMacGuy,62390,559,20,"macbook,macbook air,macbook pro,Broken Power Cord,Avoid broken power cord,avoid broken macbook power cord,How to,properly wrap,the right way,to wrap,macbook power cord,macbook pro power cord,Mac,tip,tutorial,trick,tips,tricks,tutorials,steve the mac guy,stevethemacguy,mac guy,macguy,Apple,OS X (Operating System),Mac OS (Operating System),lost ipad recovery,ios,ios tip",175.0,0
igNgYtGYjys,Giusy Ferreri - Volevo te (Videoclip),GiusyFerreriVEVO,49365462,172001,10988,"Giusy Ferreri,GiusyFerrerivevo,vevo,official,video,music video,hq,single,album,Volevo te,Top Hits 2016,pop,Pop,RCA Records Label",170.0,0
NAx_gFh9BxY,107 Facts About Paper Mario! - Super Coin Crew,Super Coin Crew,420673,4153,235,"Super Mario Maker,Mario Maker,Super Coin Crew,107 Facts,Nintendo Facts,Let's Play,Let's-a-play,Super Mario,Super Mario Bros. (Video Game),Super Mario World (Video Game),New Super Mario Bros. U (Award-Winning Work),Nintendo,Let's Play Nintendo,Mario,107 Facts Nintendo,107 Facts About,Top 10,107,Facts,Tooned Up,You Didn't know,107 Facts about Paper Mario,107 mario,paper mario,nintendo 64,mario story,super mario maker,super paper mario,107 paper mario",1239.0,0
zyQtN7Zbi-c,An example that 0^0 does NOT approach 1,blackpenredpen,178746,2470,183,"0^0 is NOT 1,what's 0 to the 0 power,0^0,blackpenredpen,math for fun,calculus limit,interesting calculus problem,evaluating indeterminate form,l'hospital's rule,ÊõπËÄÅÂ∏´",471.0,1
8P13-6Qt89k,Teorema della Media,francesco petracca,2437,10,3,Teorema della Media,403.0,1
4NGlnpZfXII,Dragon Ball Xenoverse 3 - | FULL ROSTER | ALL CHARACTERS [CONCEPT] Xenoverse 2 Mods,GOWBuuzer,662265,7338,968,"dragon ball,DBZ,GT,super,AF,movie,OAV,episode,goku,vegeta,frieza,cell,majin buu,baby,gogeta,vegito,zamasu,goku black,ssj rose,beerus,bills,whis,vados,champa,hit,jiren,toppo,dyspo,zeno,zeno-sama,daishinkan,super saiyan,ssj,god,blue,kaioken,ultra instinct,limit breaker,PS4,PC,xenoverse 2,DLC,PSP,tenkaichi tag team,PS2,budokai tenkaichi 3,gameplay,trailer,hack,mod,texture,download,leaked",2662.0,0
7bL4dmUdddI,Top 5 MacBook Air Accessories  2017,Atomic Tech,102521,877,90,"MacBook,MacBook Air,Top 5,Top,Accessories,Cool,Tech,AirBar,OmniCharge,KickFlip,TarDisk,Odin Aurora",446.0,0
GfxzDd1wNxs,iPhone X Space Grey - Unboxing & Setup,Stefano Giove,843335,4827,698,"iphone,apple,iphone 10,iphone x,camera,speed,test,battery,unboxing,air pods,sticker,resistant,stainless,steel,scratch test,burn,bend,iphone 8,samsung,ipad,galaxy,s8,note 8,essential,phone,turn of,face id,works,ram,management,ios,ios 11,ios 12,11.1,bezel,11.2,glitch,bug,freeze,stefano,giove,product red,red,iPhone X red,cover,2018,iOS 12,iPhone xs,iPhone xr,iPad Pro 2018,xs max",289.0,0
E8xXtoIm76s,Top 5 Speedruns To Watch To Get Into Speedrunning (feat. Razbuten),Snoman Gaming,1193672,13497,512,"speedrun,speedruns,speedrunning,speed run,speed runs,speed running,top 5 speedruns,top 10 speedruns,top 10 speed runs,top 5 speed runs,best speed runs,best speedruns,cosmo,cosmo speedrun,cosmo speed run,f zero speedrun,f zero gx speed run,f zero gx speedrun,f zero speed run,super mario 64 speedrun,super mario 64 speed run,super mario world speedrun,super mario world speed run,video game speedrun,video game speed run,video game speedruns,agdq,sgdq",539.0,0
elvOZm0d4H0,Infinity is bigger than you think - Numberphile,Numberphile,6051793,73258,3511,"numberphile,number phile,number,numbers,maths,mathematics,mathematical,numerals,count,counting",480.0,1
cpCXLf9E1Ic,Integrali indefiniti (primo step),Claudio Desiderio,36382,520,12,"Claudio Desiderio,Desiderio Claudio,Integrali indefiniti,Integrali,Integrali immediati",1358.0,1
C3ddWloPyPA,Macbook Air Basics - Mac Manual Guide for Beginners - new to mac,Tech & Design,401323,2331,152,,1129.0,0
jFxtn_BQauk,Nek - Fatti avanti amore (Official Video) [Sanremo 2015],Warner Music Italy,23476265,123043,4204,"video,video ufficiale,official video,official,ufficiale,videoclip,Warner,Warner Music,Music,WMI,Warner Music Italia,Warner Music Italy,nuovo,new,nuovo singolo,singolo,nuovo video,album,nuovo album,ultimo singolo,ultimo album,nek,fatti avanti amore,sanremo,festival sanremo,festival di sanremo,sanremo 2015,san remo,Sanremo Music Festival (Recurring Event),filippo neviani,neviani,Sanremo Music Festival 2015",231.0,0
FNofmHUX81c,Yoshi's Island Glitched% by Carlsagan42 - AGDQ 2014,ScottyWZ,366625,4741,133,,744.0,0
uJ-c54cgDos,Scomposizioni con la regola di RUFFINI,Prof. Mario Antonuzzi,16229,341,13,"Geometria analitica,circonferenza,centro,diametro,raggio,parabola,direttrice,asse,fuoco,vertice,ellisse,iperbole,asintoto,asintoti,esponenziale,esponenziali,logaritmo,logaritmi,naturali,base,pura,spuria,spurie,monomie,pure,complete,ripasso,spiegazione,svolgimento,matematica,esercizi,scuola,salmo,sferaebasta,fedez,antonuzzi,frisina,lezione,lezioni,real,studenti,studente,alunni,alunno",2784.0,1
JT912hDAPro,5 Best Accessories for New MacBook Pro,Incredibles !,175610,1253,179,"macbook accessories,macbook pro accessories,accessories for macbook pro,apple macbook pro accessories,apple macbook accessories,imac accessories,macbook pro 2016,macbook,macbook 2016,macbook pro accessories 2016,apple macbook 2016,apple,macbook pro accessories to buy,best macbook pro accessories,macbook pro 2016 review,macbook pro 16 accessories,apple macbook,macbook pro 16 usb hub,macbook pro 16 stand,macbook pro,2016 macbook pro,incredibles,macbook 1tb",305.0,0
jpZWQ8ebTuA,Macbook Air Unboxing & Review - What You Should Know!,StuffYouShouldBuy,979697,3809,556,"Apple,Macbook,Air,2012,2013,Review,unboxing,unbox,retail,pro,vs,11,13,inch,new,therapy,tpp7tstlpodcasoosyuu,Mac,cover,sleeve,refurbished,ssd,case,used,sale,update,cheap,free,bag,prices,superdrive,discount,refresh,battery,skin,ports,usb,3.0,accessories,specs,buy,next,book,MacBook Air (Computer),Battery (electricity),Mac OS (Operating System)",504.0,0
lw3c5d3aBSE,Il Volo - 'O Sole Mio (Videoclip),IlVoloVEVO,42723945,218269,8727,"Il,Volo,'O,Sole,Mio,Rentor,Geffen,Records,Pop,Il Volo O Sole Mio",217.0,0
nsTMPkPCQzA,Best Moments In Blindfolded Speedruns #3,EZScape,443284,3712,233,"Best,Moments,Blindfold,Blindfolded,Super Mario 64,SM64,any%,speedrun,Biggest,Skips,Glitches,Glitch,Speedrunning,Top 10,Banjo,Spyro,Crash,Jak and Daxter,Legend of Zelda,Link's Awakening,Super,Mario,World,Donkey,Kong,64,Sonic,06,Meat,Boy,Pokemon,Dark,Souls,Legend of Dragoon,Pokemon Stadium 2,Xenogears,Dragon Quest,Final,Fantasy,Gran Turismo,ezscape,luckiest pokemon moments",599.0,0
mcVvM4nhwNs,Teorema fondamentale del calcolo integrale - Videolezione di matematica,StudentiTv,62140,287,53,,425.0,1
5sKah3pJnHI,Root 2 - Numberphile,Numberphile,2695303,34848,646,"root 2,square root of 2,root two,square root,pythagoras,pythogoreans,2 (number),numberphile,number phile,number,numbers,maths,mathematics,mathematical,numerals,count,counting,james grime,singingbanana,roger bowley",529.0,1
KYG6nvG1dyw,TOP 15 MOD PI√ô BELLE DI DRAGON BALL XENOVERSE 2 - [Mod Dragon Ball Xenoverse 2],Chroma,32255,1225,39,"amorhc,chroma,gohan,goku,jiren,dragon ball super,ita,continua,hd,sub ita,vegeta,gotenks,goddex,mod,modder,gioseph,giosephthegamer,feraz,victini,stickman,jicoorer,download,xenoverse 2,zolog,fandom,cavernadiplatone,dragon ball af,dragon ball super multiverse,super multiverse,bulma,beerus,zamasu,gogeta,vegeth,dragon ball,dragon ball gt,muten,marcos revenge,serious sword,yumi,minecraft,dragon block,tuberanza,blaziken,olimpiko900,obogul,fear of unknow,sig,abitante di namecc",906.0,0
3DQATvwX4aI,Il Volo - Grande Amore (Spanish Version) (Videoclip),IlVoloVEVO,21920710,155227,4771,"IL VOLO,IL VOLO Music,IL VOLO Official Video,IL VOLO Video,IL VOLO Video Oficial,IL VOLO Nuevo Video,IL VOLO New Video,Grande Amore (Spanish Version),Grande Amore (Spanish Version) Official Video,Official Video,Grande Amore (Spanish Version) Official Remix Video,Grande Amore (Spanish Version) Single,Single,IL VOLO New Single,IL VOLO Single,IL VOLO Song,Grande Amore (Spanish Version) new song,Grande,Amore,(Spanish,Version),Il Volo Grande Amore",228.0,0
FtbiL1uwC9Y,equazioni differenziali lineari,Claudio Desiderio,4407,45,1,"equazioni differenziali,problema di Cauchy,equazioni differenziali del primo ordine,equazioni differenziali a variabili separabili,variabili separabili,equazioni differenziali lineari del primo ordine,Claudio Desiderio,matematica a colori,flipped classroom,flipped math,www.claudiodesiderio.wordpress.com",1345.0,1
ARP0bpKgvVg,NEW FUSION: Goku UI and Vegeta Beyond SSB VS Zen-Oh Fusion - Dragon Ball Super Xenoverse 2 MOD,Sol Negro,10050008,91876,9772,"ultra instinct,goku last form,vegeta beyond ssb,goku ui and vegeta fusion,dragon ball fusions,goku new transformation,full dragon ball fusions,dragon ball new game,dragon ball news,dragon ball super,dragon ball z,dbs,dbz,dragon ball xenoverse 3,dragon ball xenoverse mods,xenoverse best mods,ultra instinto,dragon ball fusiones,sol negro,sol negro mods,super saiya blue evolution,ssb evolution",337.0,0
xH5whVFwXw4,Macbook Air Unboxing,Piwko,63347,586,67,"macbook,air,macbook air,apple,laptop",328.0,0
XMV3h9F6jq4,Il Volo - Per te ci sar√≤ (Videoclip),IlVoloVEVO,11830562,59025,2239,"Il Volo Music,Il Volo Official Video,Il Volo Video,Il Volo Video Oficial,Il Volo Nuevo Video,Il Volo New Video,Per te ci saro,Per te ci sar√≤ Official Video,Per te ci saro Official Video,Per te ci sar√≤ Official Remix Video,Per te ci sar√≤ Single,Per te ci saro Single,Il Volo New Single,Il Volo Single,Il Volo Song,Per te ci sar√≤ new song,Per te ci sar√≤ nueva canci√≥n,Il Volo nueva cancion,Il Volo sencillo,Il Volo nuevo sencillo,Il Volo Per Te Ci Saro",300.0,0
ylJd5sUbANE,"""Practice makes perfect"", and other lies we believe about learning",Eddie Woo,300136,12933,187,"Learning (Quotation Subject),misconceptions",564.0,0
cJXcK_P-zOQ,TEOREMA DELLA MEDIA,Focaccia Matematica,915,4,0,,135.0,1
480PvTx2U68,Dragon Ball Super - The Tournament Of Power In A Nutshell (Parody) [Xenoverse 2],GOWBuuzer,237590,3700,415,"dragon ball,DBZ,GT,super,AF,movie,OAV,episode,goku,vegeta,frieza,cell,majin buu,baby,gogeta,vegito,zamasu,goku black,ssj rose,beerus,bills,whis,vados,champa,hit,jiren,toppo,dyspo,zeno,zeno-sama,daishinkan,super saiyan,ssj,god,blue,kaioken,ultra instinct,limit breaker,PS4,PC,xenoverse 2,DLC,PSP,tenkaichi tag team,PS2,budokai tenkaichi 3,gameplay,trailer,hack,mod,texture,download,leaked",376.0,0
jwhFr5Ax3Fk,The Triple Monitor Mega MacBook!,Unbox Therapy,3764788,84851,2038,"unbox therapy,unboxtherapy,( Õ°¬∞ Õú ñ Õ°¬∞),tech,technology,gadgets,gadget,unboxing,review,unbox,therapy,new,youtube,ten one mountie,mountie,ipad laptop,ipad,iphone,apple,macbook,macbook pro,ipad air,ipad pro,ipad air 2,ipad mini,iphone 6,iphone 6s,iphone 7,iphone plus,iphone 6s plus,iphone 7 plus,mount,ipad mount,iphone mount,android,best,smartphone,samsung,vs,6s,apple iphone,things,innovation,invention,inventions,new inventions,tablet,cool gadgets",222.0,0
HswySJvxeuE,2019 World's Top 6 Latest Thinnest and Powerful Laptops 2019,GadgetGeeks,672563,3175,592,"thin laptop,2018 best laptop,2018 best hybrid laptop,light weight laptop,best gaming laptop,macbook,top 5,cheap gaming laptops,best gaming notebooks 2018,best gaming laptops 2018,gtx 1080,2-in-1,new,macbook pro,affordable gaming laptops,chromebook,best gaming laptop 2018,hp spectre x360,pc,hp,thin,top 10 best gaming laptops 2018,tech,technology",587.0,0
Ha18O3B6Eag,Super Mario Maker P-Break Speedrun -- Fastest Completion 472,CarlSagan42,35092,590,3,"Super Mario Maker,Speedrun",55.0,0
2I-_SV8cwsw,"integration by parts, DI method, VERY EASY",blackpenredpen,209413,5520,88,"Another way to set up the integration by parts,integral of x^2*sin(3x),integral of x^4*ln(x),integral of e^x*sin(x),integration by parts,IBP,DI methods,easiest integration by parts,blackpenredpen,steve chow at pierce college,Tabular Integration,integral of e^u*sin(u),integral of e^x*sinx,easy integration by parts,ibp,blackpenredpn,bprp integrals,math for fun",1019.0,1
bB52e6N8kjU,7 Best Laptop Accessories & Gadgets 2018 You Must Have,Tech Mooz,572780,6107,692,"Laptop Gadgets,Laptop Accessories,Laptop Stand,OmniHub,MacBook Laptop,Windows laptop,Laptop,Laptops,MOBICASE,laptop bag,VISTAR,The Moose,Moose,X6,Power Bank,CoreBook,Workstation Bag",690.0,0
WqmbA5k-_Eo,2018 MacBook Air Review/Is it worth it?,Rhett Arnold,80528,345,185,"macbookair,2018macbook,apple,talktime,newmacbook2018",335.0,0
-EtHF5ND3_s,Riemann's paradox:     pi = infinity minus infinity,Mathologer,2668510,33508,2062,"Mathologer,Mathematics,Math,Maths,paradox,Riemann,Riemann rearrangement theorem,infinity,infinite series,regrouping,associative,commutative,pi",718.0,1
u1EmWNY8km0,This is What Happens When You Sleep on The Competition,KoiandDragon,9624,152,12,"pokemon omega ruby and alpha sapphire,pokemon omega ruby and alpha sapphire battle,pokemon omega ruby battle,pokemon alpha sapphire battle,pokemon oras battle,wifi omega ruby,wifi alpha sapphire,pokemon oras,pokemon,KoiandDragon,wifi pokemon battles,wifi pokemon battles oras,Pok√©mon (TV Program),Pok√©mon (Video Game Series),Pok√©mon Omega Ruby And Alpha Sapphire,Pok√©mon (Brand)",1426.0,0
Q9Ybl-8S6-4,Metodi di Integrazione Numerica,francesco petracca,5423,21,4,Integrazione Numerica,425.0,1
FQkaH5ppFek,"Takagi & Ketra - L'esercito del selfie ft. Lorenzo Fragola, Arisa",TakagiKetraVEVO,120328712,446442,70371,"Columbia,L'esercito del selfie,Pop,Takagi & Ketra feat. Lorenzo Fragola,Arisa,vevo,vevo official,L'esercito del selfie vevo,L'esercito del selfie vevo official,Takagi & Ketra,Takagi & Ketra vevo,Takagi & Ketra vevo official",255.0,0
HbNYuOTaYFs,I Bought The $80 Starbucks Mug...,Dave Lee,960127,22984,1902,"Dave2D,Review,dave lee,mug,cup,coffee cup,coffee mug,ceramic mug,ember,starbucks,heater,phone app,hot mug,starbucks mug,starbucks coffee mug,best ceramic mug,best coffee mug",404.0,0
nJ539VsNq2s,2019 Top 6 Best Laptops to Buy,GadgetGeeks,3954186,15416,4479,"dell xps 13,best laptop 2018,best chromebook,best of,asus zenbook,best laptop,top 5,best laptops,acer,asus,digital trends,technology,news,zenbook,tech,2018,laptops 2018,top 5 laptops,best laptops 2018,best gaming laptop,laptops under $1000,best laptops in 2018,hp",550.0,0
Z49hXoN4KWg,sqrt(i),blackpenredpen,559661,12666,605,"sqrt(i),sqrt(i) as a complex number,i^(1/2),www.blackpenredpen.com,blackpenredpen,math for fun",542.0,1
U8O8R8-XRmQ,Ali-A's Minecraft Challenge: most wood collected - Guinness World Records,Guinness World Records,1729077,13835,4105,"60th Anniversary,guinness world records,guinnes,guiness,book,world record,breakers,setters,amazing,fastest,tallest man,shortest,most spiders,female legs,stretchiest skin,parallel parking,Ali-A,Alastair Aliken,Minecraft,Mojang,Record,Console,Video Game (Industry),Video Game Console (Invention),Gaming,Gamer,Gamer's Edition,gameplay",289.0,0
YQGotj43PqM,teorema della media DIMOSTRAZIONE,mariano di mauro,684,7,0,teorema della media DIMOSTRAZIONE,178.0,1
HxOusn13fqE,Il Volo - Canzone per te (Videoclip),IlVoloVEVO,17764867,75274,3210,"Canzone Italiana,Canzone per te,Columbia,Il Volo,Il Volo Canzone Per Te",236.0,0
XZSnRjDRrvY,BEST USB-C Hub / Dongle - What to buy??,Matt Granger,989406,10307,717,"matt,granger,matt granger,advice,photography,photo,tips,tutorial,DSLR,GYGO,get your gear out,USB,USB-c,thunderbolt,thunberbolt 3,vs,3.1,dongle,donglebook,macbook,mac,apple,adapter,dock,hyper,sanho,verbatim,air,2018,2017,2019,macbook pro,pro",1102.0,0
_Y9EZcw5zaA,PRONUNCIA INGLESE PER ITALIANI,john peter sloan,2202065,23389,792,"pronuncia,inglese,john,peter,sloan,instant,english,peronuncia inglese per italiani,john peter sloan,English,pronuncia inglese",590.0,1
qPrxInnjdvg,"Le idee fondamentali della fisica delle particelle, M.Mangano",INFN LNF - Laboratori Nazionali di Frascati,80622,427,22,"Physics (Idea),Particle Physics (Field Of Study),Istituto Nazionale Di Fisica Nucleare,CERN (Organization),Seminar (Type Of Conference),Standard Model (Idea)",4901.0,1
Jtpv39DeWpc,Robespierre e il Terrore,Treccani Scuola,8001,91,4,STORIA,280.0,1
y6fPilMJHsE,Il Calcolo Differenziale,Fisico Ph92,23734,256,19,"calcolo differenziale,l'universo della meccanica,meccanica,matematica,goldstein",1544.0,1
_BXYFubygkM,Reazioni chimiche,Agora Scienze Biomediche,36487,233,6,"scienze,biomediche,istruzione,video didattici,lezione,Agora,Lesina,Fraccacreta,medicina,reagenti,prodotti,stechiometria,bilanciamento,moli,molarit√†,reazione di sintesi,reazione di decomposizione,reazione di scambio semplice,reazione di doppio scambio,redox,ossidante,riducente,ROS,RNS,Haber-Weiss",1566.0,1
eIpFQGGuALc,Anteprima Beta World of Warcraft: Warlords of Draenor,ReHWolution,507,19,0,"fantasy,let's play world of warcraft,mekgineer thermaplugg,misha,naz'grel,nefarian,onyxia,razorgore the untamed,renault mograine,rend,rexxar,shandris feathermoon,stalvan mistmantle,sylvanas windrunner,the prophet skeram,thrall,tirion fordring,tyrande whisperwind",1202.0,0
5kpVl6YJzpk,Evoluzione dei modelli atomici,Giovanni Pacifico,18785,49,12,"giovanni pacifico,iti valitutti,iis parmenide,roccadaspide(sa),elettronica,atomo di bohr,modelli atomici,atomo",254.0,1
AwAVQ0RiwPw,Dalla fuga di Luigi XVI all'instaurazione della Repubblica,Treccani Scuola,6848,61,1,STORIA,313.0,1
ecaGFISlQXk,La Rivoluzione Francese,Duccio Incagli,16387,144,10,,320.0,1
MEysDZDzyIw,Introduzione alle equazioni chimiche,La Chimica per Tutti!,15179,314,6,"Chimica,lezioni di chimica,Chimica Generale,chimica inorganica,esercizi di chimica",698.0,1
3dIbFvX_zCE,Michelangeo Mangano - Viaggio all'interno dell'atomo,Liceo Scientifico Leonardo da Vinci - Maglie,2563,12,2,,4555.0,1
_ZB4aUMVKS0,OSSIDO-RIDUZIONI_1.mp4,Antonio Liperoti,50910,346,15,"ossidoriduzioni,lezionichimica,liperoti,oxide,reductions,oxidant,and,reductant,chemistry",544.0,1
d6c6uIyieoo,Riemann Hypothesis - Numberphile,Numberphile,2724313,38594,537,"numberphile,Riemann Zeta Function (Concepts/Theories),Bernhard Riemann (Author),Riemann Hypothesis (Idea),Leonhard Euler (Author),millennium problems,clay,Millennium Prize Problems,mathematics,edward frenkel",1024.0,1
zLAMv1vDSgo,L'atomo. Definizione e struttura. Riassunto per il Test di Medicina.,TD medicina,11881,183,4,"test medicina,test professioni sanitarie,test veterinaria,test ammissione,ammissione medicina,ammissione veterinaria,ammissione professioni sanitarie,facolt√† a numero chiuso,atomo definizione,atomo struttura,atomo riassunto,elettroni e protoni,numero di massa,massa atomica,isotopi",634.0,1
wLpOb7vYwk0,reazioni di sintesi e decomposizione,Giovanna Fonda,30132,431,6,iMovie,287.0,1
Am8KoqLFLHg,IMPARARE L'INGLESE: 150 Frasi fondamentali in inglese per principianti üá¨üáß üá¨üáß üá¨üáß  ‚úî,Lingo Boltz,392687,3339,315,"corso di inglese,imparare l'inglese,frasi utili,frasi fondamentali,inglese,vocabolario,vacanze,frasi in inglese,150 frasi,corso gratis,audio,inglese per principianti,lezione,frasi essenziali,lingoboltz-it,lingoboltz-it-en",1754.0,1
0toqxbv3tRQ,La Rivoluzione Francese: il video completo,ScuolaInterattiva,200875,1210,79,"Scuola Interattiva,paolo scorzoni,video per la scuola media,mappe per apprendere,corso di storia,Rivoluzione,Francese,Robespierre,Danton,Marat",481.0,1
NCnYYuU-deE,Regola dell'incrocio,Giovanna Fonda,40044,581,8,iMovie,553.0,1
oc0M1o8tuPo,Indeterminate: the hidden power of 0 divided by 0,Mathologer,871661,15878,531,"Mathologer,Mathematics,Math,Maths,indeterminate form,0/0,zero divided by zero,infinity,Newton,calculus,paradox,indeterminate",753.0,1
GToOGb7B29Q,Introduzione Alla Fisica Moderna 1,physicsit,7263,40,2,"meccanica,quantistica",2919.0,1
Xq4cTfoGJ-Y,I LEGAMI CHIMICI spiegati in modo semplice,marina pescarmona,116311,448,58,"legame,ionico,covalente,elettronegativit√†,polarit√†,molecolare,legami,chimici,profpesca",628.0,1
QwlBZc9MrJA,"Cambridge English: Preliminary for Schools, Victoria and Chiara",Cambridge English,2200298,14989,703,"Cambridge English,Cambridge ESOL,ESOL,Cambridge,English,Language,Learning,Learn,Teaching,English Language,Language Acquisition,Education (Professional Field),English test,Test (assessment) English test,Test (assessment),Speaking,Listening,Reading,Writing,Lessons,School,Teacher,Student,English-language Learner,Exam,Educational,Cambridge University.,Students,Free,University Of Cambridge ESOL Examinations (Organization Member),PET,Preliminary for Schools",688.0,1
xUqjJce6d88,BIGnomi - Ugo Foscolo (Claudio Santamaria),RossoRampante,202964,2684,70,"BIGnomi,Rai,Ugo Foscolo,Claudio Santamaria,I sepolcri,Raul Cremona",255.0,1
At7OzVOtezA,La struttura dell'atomo - Lezione animata,carlodelauro,87839,556,40,"atomo,lezione,animazione,scuola,struttura,chimica,Atom (Literature Subject),atom,school,lesson,animation,Lessons,Teacher,Education,Students,Learn",199.0,1
0j4A2n3nRBg,Napoleone,ProfDellOrto,39530,530,56,"Napoleone,Bonaparte,didattica capovolta,scuola secondaria di primo grado,didattica 2.0,flipped classroom",527.0,1
c3lNmMxGDXE,come si bilancia una reazione,Giovanna Fonda,181676,4895,57,iMovie,481.0,1
kJzSzGbfc0k,What Is A Paradox?,Vsauce2,4776799,131183,5553,"vsauce,vsauce2,vsause,vsause2,What Is A Paradox,Paradox Definition,Paradox,Paradox Explained,Paradox Explaination,Types Of Paradoxes,Paradoxes,The Grandfather Paradox,Achilles and the Tortoise,Veridical Paradox,Falsidical Paradox,Antinomy,Monty Hall Problem,Monty Hall Paradox,Faint Young Sun Paradox,vsauce paradox,paradox vsauce,mind blow,vsauce 2,paradoxes in physics",872.0,0
RdV6Z4CbkXo,OSSIDO-RIDUZIONI - Bilanciamento con il Metodo delle Semireazioni_1.mp4,Antonio Liperoti,111635,612,30,"liperoti,ossidoriduzioni,bilanciamento,redox,lezionichimica,oxidereductios,lessonschemitry,balancechemicalreactio",644.0,1
VMSXrxoP_cY,Come ricordare i vocaboli in inglese,Matteo Salvo,228642,2446,199,"Inglese,Impara l'inglese,Matteo Salvo,P.A.V.",907.0,0
vQOby7llvjY,Le so tutte... o quasi - Il Collegio 2,Rai,1822021,19563,521,"Il collegio,collegio,aspiranti concorrenti,concorrenti,provini,anteprima,anteprime,prove,scuola,docufiction,reality,reality show,passato,1960,anni 60,60,1961,nuova edizione,nuova stagione,seconda stagione,seconda edizione,programma tv,video,puntata,puntate,puntata di ieri,ultima puntata,settembre 2017,settembre,2017,rai,rai2,rai 2,raidue,rai due",163.0,0
kUXNIkptIIk,Lezione 1a,Unicas - Ingegneria,116495,540,14,"Fisica generale,Ingegneria,Ingegneria industriale,Lezioni",3030.0,1
onzBYbPZwg0,Rivoluzione francese,Alessandra Guglielmetti,37637,347,28,,896.0,1
zPFGCvPF9mY,COMPOSTI CHIMICI - Idrossidi.mp4,Antonio Liperoti,64387,670,16,"liperoti,compostichimici,idrossidi,lezionichimica",699.0,1
FkdGNi94OYw,Il Calcolo Quantistico 2,physicsit,6336,59,5,"meccanica,quantistica",2306.0,1
-dhHrg-KbJ0,e to the pi i for dummies,Mathologer,1672942,36462,978,"Mathologer,Mathematics,Math,Maths,Euler's identity,e to the pi i,e^pi*i=-1,Euler's formula,exponential function,compound interest,Gelfond's constant,e to the pi,2.718,Pi,The Simpsons,Homer Simpson,Homer cubed,e to the i pi,proof",951.0,1
AhPQdOdnM2M,REAZIONI CHIMICHE Classificazione-3.mp4,Antonio Liperoti,22516,136,2,"liperoti,reazionichimiche,lezionichimiche",492.0,1
2nAnT3PASak,British vs American | English Pronunciation Lesson,Anglo-Link,6133813,59134,2075,"British,American,British Pronunciation,American Pronunciation,British vs American,American vs British,British Pronunciation Lesson,American Pronunciation Lesson,English Lesson,English,English speaking lesson,Speaking,Accent,British Accent,American Accent,British vs American Accent",402.0,1
qfsXr4Wirj8,I¬∞ Lezione di Chimica Modelli e Orbitali Atomici,Giuliano Messina,59918,239,30,,806.0,1
2nssGKBJbaM,la presa della bastiglia,didatticait,19777,115,1,,475.0,1
sD0NjbwqlYw,Visualizing the Riemann hypothesis and analytic continuation,3Blue1Brown,1597500,35197,417,"analytic continuation,complex analysis,three brown one blue,zeta function,Riemann hypothesis,three,mathematics,Riemann zeta function,math,brown,3 brown 1 blue,3b1b,Riemann,blue,3brown1blue,one",1331.0,0
81pTSn6xsJA,COMPOSTI CHIMICI - Sali - 1 di 4.mp4,Antonio Liperoti,126646,785,27,"liperoti,compostichimici,sali,lezionichimica",557.0,1
PRf6iP-v6vI,"John Peter Sloan, ""English Express"" - Preposizioni",Libri Mondadori,77992,461,17,"English Language (Language In Fiction),Pronunciation (Website Category),john peter sloan,english express,corso inglese,preposizioni inglesi",299.0,0
KPpC3qVE5PQ,La Rivoluzione francese - III parte. Il Terrore e il Termidoro,Marco Colonna,11205,77,8,,410.0,1
Y4WObfOWNys,Bilanciamento Reazione Redox Metodo Semireazioni,ilprofdiscienze,61813,695,13,"Chimica,semireazioni,redox,ossidazione,riduzione,bilanciamento,esercizi,ripetizioni,aiuto,scuola,tutorial",348.0,1
VTveQ1ndH1c,The Key to the Riemann Hypothesis - Numberphile,Numberphile,729180,10270,135,"numberphile,riemann hypothesis,prime,l-functions,modular forms",758.0,1
PltkCwau98w,2016 01 16 Prof Vittorio Elia: chimico-fisica delle soluzioni ultradiluite,LUIMO channel,1385,16,1,,5975.0,1
Gp3AORwr7bU,La Rivoluzione Francese,ProfDellOrto,9606,154,7,"rivoluzione francese,scuola media,scuola secondaria di primo grado,il Settecento,storia della Francia,Robespierre,didattica 2.0,flipped classroom,didattica capovolta,storia moderna,storia",1179.0,1
yZ0IwscaGCM,Perfect English Accent - Il Perfetto Accento Inglese,SuperPerfectEnglish,166127,1283,76,"inglese,accento inglese,pronuncia inglese,impara l'inglese,fonetica inglese,il perfetto inglese,english,english accent,pronunciation,phonetics,learning english,accent,perfect english,perfect accent",635.0,1
JI7hCC4Mv8k,"27   La realt√†, talvolta, non √® locale",AndreA BolzonellA,7462,88,5,"EINSTEIN,RELATIVIT√†,QUANTISTICA",1338.0,1
YRgM1wSwtN8,Termodinamica chimica,Agora Scienze Biomediche,40836,374,9,"scienze,biomediche,istruzione,video didattici,lezione,Agora,Lesina,Fraccacreta,medicina,entalpia,entropia,Gibbs,energia di attivazione,enzimi,esotermica,endotermica,esoergonico,endoergonico,spontateo,non spontaneo",1172.0,1
mJz1DUUZ4VE,LA RIVOLUZIONE FRANCESE,Historical EYE,124893,2556,64,"historicaleye,rivoluzione francese,appunti rivoluzione francese,storia contemporanea,riassunti rivoluzione francese,rivoluzione,francese,appunti storia contemporanea,storia,riassunto rivoluzione,riassunto,storia riassunto,la rivoluzione francese,che cos'√® la rivoluzione francese ?,lezione rivoluzione francese,lezione,ghigliottina,marsigliese",921.0,1
GItmC9lxeco,Poincar√© Conjecture - Numberphile,Numberphile,1357379,14801,385,"numberphile,Poincar√© Conjecture (Idea),perelman",532.0,1
K4CoMMxQ_R8,OSSIDO-RIDUZIONI - Bilanciamento con il Metodo del N¬∞ di Ossidazione_1.mp4,Antonio Liperoti,171888,1678,35,"ossidoriduzioni,bilanciamento,numero di ossidazione,lezionichimica,liperoti,oxide,reductions,balance,the,chemical,reaction,withthe,numeroxidatiomethod,oxidation,numbers",565.0,1
WIUO8FDaLJA,"Bosone di Higgs: Spiegazione semplice della ""dannata"" particella di Dio! W/Kuiper",Domi Sernio,79326,660,111,"Domi Sernio,Kuiper,Astronomia,Universo,Bosone di Higgs,Campo di Higgs,Particella di Dio,Modello Standard,Particelle,Acceleratori,Cern,Lhc,Atlas,Cms,Infn,Lep,Media Inaf,Spiegazione Bosone di Higgs,2016,News,Higgs,Astronomy,Universe,Boson,Peter Higgs,Quark,Leptoni,Elettroni,Fotoni,Gluoni,Particelle-Messagero,Componenti Elementari Della Luce",481.0,1
0uYOC09peyk,XXII - II La Rivoluzione Francese | C'era una volta l'Uomo (Conosciamoci un po').avi,Adelchi86,56569,229,12,"albert barill√®,c'era una volta l'uomo,conosciamoci un po',rivoluzione francese,Luigi XIV,Louis XIV,Lady Oscar,Il √©tait une fois... l'Homme,Marie Antoinette,Robespierre,1789,children education,programma ragazzi istruzione,storia history,napoleon,napoleone bonaparte,campagna di russia",817.0,1
bTn66fbOtOA,Prima lezione di CHIMICA (prof. Roberto Purrello),zamm√π multimedia - Universit√† di Catania,49868,336,19,"Chimica,Scienze chimiche,Roberto Purrello,Prima lezione di...,Chemistry (Field Of Study),tavola periodica degli elementi,Universit√† di Catania",3375.0,1
QKnPsHAWrpw,Osservare il passato remoto dell'Universo,INFN LNF - Laboratori Nazionali di Frascati,45888,243,18,"Universe (Quotation Subject),Physics (Field Of Study),INFN",3771.0,1
ekr3xXj6Cws,La rivoluzione francese,Ugo Tramontano,18491,173,14,,405.0,1
Oz_9PMI8U0Y,Learn English: The 20-Minute Method,English Jade - Learn English (engVid),1294184,22652,567,"learn English,English,ESL,English grammar,vocabulary,English vocabulary,engVid,speak English,accent,British accent,British English,lessons,IELTS,TOEFL,TOEFL iBT,TOEIC,anglais,inglese,ingl√©s,Englisch,–∞–Ω–≥–ª–∏ÃÅ–π—Å–∫–∏–π,angielski,englezƒÉ,anglicky,Œ±Œ≥Œ≥ŒªŒπŒ∫Œ¨,ƒ∞ngilizce,ÿ•ŸÜÿ¨ŸÑŸäÿ≤Ÿä,Inggris,Angol,EnglishLessons4u,Ronnie,EnglishTeacherEmma,Emma,TESOL,TESL,TEFL,spoken english,speaking skills,presentation skills,public speaking,native speaker,english tips,tips,speed reading",528.0,0
xBzO_tFkvkc,Derivate in 15 minuti,Redooc - Matematica,50469,518,32,"matematica,analisi,analisi 1,esame di analisi,derivate analisi,derivate matematica,derivate esame matematica,derivate compito,compito sulle derivate,cosa sono le derivate,derivate spiegazione,spiegazione derivate,appunti derivate,derivate cosa sono,funzione",900.0,1
kagWliivBao,Test Medicina 2017: Chimica - Le reazioni chimiche e le ossidoriduzioni,Test Medicina,8222,38,4,"Test medicina 2017,chimica,reazioni chimiche,ossidoriduzioni,preparazione,test medicina",1560.0,1
0Oazb7IWzbA,Why -1/12 is a gold nugget,Numberphile,1798127,24402,575,"numberphile,Gold Nugget,Riemann Zeta Function (Concepts/Theories),Riemann Sum (Namesake)",917.0,1
Sl3sWe53YXk,Le 10 Regole per assegnare il Numero di Ossidazione,Stepwise Chemistry,29496,375,3,"stepwise,chemistry,step,wise,chimica,chem,facile,easy,study,studio,scienza,science,numero di ossidazione,oxidation number,tutorial,tut,how to,come assegnare il numero di ossidazione,bilanciamenti,Oxidation State,balancing,Math",318.0,1
AkSPhZsXXqo,L'ENIGMA DELLA GRAVIT√Ä,GiovediScienza,77088,428,62,,4718.0,1
SPmKyg0249I,Rivoluzione francese per immagini,Davide Alpi,247,5,1,,577.0,1
Js5TSCCK3bw,"John Peter Sloan, ""English Express"" - Tempi verbali",Libri Mondadori,258882,1636,51,"English Language (Language In Fiction),john peter sloan,english express,corso inglese,verbi inglese",369.0,1
rwFKa-dm4oI,Nomenclatura chimica,Agora Scienze Biomediche,46710,382,16,"scienze,biomediche,istruzione,video didattici,lezione,Agora,Lesina,Fraccacreta,medicina,numero di ossidazione,Lewis,ossidi,idrossidi,ossiacidi,sali,neutri,acidi,basici,doppi,idracidi,perossidi",1328.0,1
YmCZglIgkCE,La rivoluzione francese,Gliassistenti Diulisse,25353,328,22,"Animated Clip,Animated Videos,PowToon for Business,Animated Presentation,Make your own animation,Presentation software,Explainer video,PowToon",172.0,1
O4ndIDcDSGc,G√∂del's Incompleteness Theorem - Numberphile,Numberphile,923399,21562,350,"numberphile,G√∂del's Incompleteness Theorem,kurt godel,Marcus du Sautoy",833.0,1
hzpCwzaP38U,Il Numero di Ossidazione - parte 1,Marco Maggioni,18264,268,8,"numero,ossidazione,chimica,inorganica,elettronegativit√†,valenza,n.o.,Oxidation State,Chemistry (Field Of Study),redox",410.0,1
GwkwMYgcttI,Due Numeri sacri,The Planetary System,26391,400,28,"Pi greco,Sezione aurea,Psicogeometria",1635.0,1
LIZ78RwhSPc,American vs. British English - Vowel Sounds - Pronunciation differences,Rachel's English,3604342,69519,1972,"American,English,Pronunciation,learn,ESL,TESOL,spoken,yt:cc=on,British English,American vs. British,British vs. American,pronunciation differences,anglolink,minoo,minooanglolink,United Kingdom (Country),accent,english accent,learn english,american british accent,british english,british vs american,british accents,accents,american accent,british accent lesson",420.0,1
uFczjcxFDpM,L'affermazione di Napoleone,Treccani Scuola,14184,137,8,STORIA,224.0,1
iFuR97YcSLM,Prime Spirals - Numberphile,Numberphile,1094726,17103,144,"ulam,Spiral,prime,prime numbers,numberphile,Ulam Spiral,Prime Number (Field Of Study)",546.0,1
ZMZOk2i1TBY,COMPOSTI CHIMICI - Ossidi -1 di 2,Antonio Liperoti,61806,395,12,"liperoti,composti chimici,ossidi,preparazione",629.0,1
B9KITthfxS0,FISICA onde e vibrazioni,giovannicavalieri videoscuola,45513,242,8,"Physics (Idea),ONDE SONORE,VIBRAZIONI,FISICA,CAVALIERI GIOVANNI,LIM,DIDATTICA MULTIMEDIALE,IPSIA PRIMO LEVI DI PARMA",1140.0,1
0HzxqWBSudQ,Storia: La rivoluzione francese - Il direttorio,Lambe Canale,1954,25,2,"iMovie,lamberto giannini,filosofia post socrate,direttorio,rivoluzione,livorno,italia,francia,enriques liceo,scuola,ripetizione,lezione",449.0,1
Ldi2ovn8E64,REAZIONI CHIMICHE SPETTACOLARI | Amazing Chemical Reactions,different,19286,244,9,"chimica,reazioni chimiche",140.0,1
7DGH7IqGytM,NOMENCLATURA: da formula a nome,lachimica,15386,199,6,"iupac,stock,nome,struttura,Nome",2409.0,1
FCSaXPYJ1zk,WI2010 - La solitudine dei numeri primi - prof. Piergiorgio Odifreddi,Dipartimento di Informatica - Universit√† di Torino,689616,5377,364,"diunito,unito,informatica,universit√† degli studi di torino",3156.0,1
JGDoLc6ndWo,Fix these basic English pronunciation mistakes!,Learn English with Alex [engVid],546458,10130,494,"English grammar,English vocabulary,vocabulary,Learn English,engvid,IELTS,TOEFL,EnglishTeacherAdam,EnglishLessons4U,speak English,English classes,English As A Second Or Foreign Language,English,esl,lessons,brain training,phrasal verbs,TOEIC,anglais,inglese,ingl√©s,Englisch,–∞–Ω–≥–ª–∏ÃÅ–π—Å–∫–∏–π,ins,angielski,englezƒÉ,anglicky,Œ±Œ≥Œ≥ŒªŒπŒ∫Œ¨,ƒ∞ngilizce,ÿ•ŸÜÿ¨ŸÑŸäÿ≤Ÿä,Inggris,Angol,native speaker,accent,improve accent,remove accent,american accent,pronunciation,tenses,past perfect,silent letters",528.0,1
WYijIV5JrKg,The Opposite of Infinity - Numberphile,Numberphile,2657440,37853,695,"numberphile,Infinity (Quotation Subject),infinitesimal,Calculus (Field Of Study)",905.0,1
t1Kcbba04Xs,"Teoria #10 - LAVORO e POTENZA, ENERGIA CINETICA, EQUINI",Step by Step,7312,256,5,"fisica,lezioni di fisica,fisica per i licei,liceo,liceo scientifico,liceo classico,liceo linguistico,universit√†,istruzione,lezioni,studio,studiare,studiare fisica,imparare la fisica,esercizi di fisica,teoria di fisica,spiegazione,spiegazione di fisica,fisica e matematica,teoria fisica,insegnamento,lavoro,potenza,energia,energia cinetica,prodotto scalare,teorema dell'energia cinetica,dinamica,leggi di newton",719.0,1
azHtcHDDeXQ,Model Trains Running With Automatic Control,daspilker,2789551,7025,1007,"modellbahn,train,m√§rklin,h0,railroad,model,marklin,wireless,feedback",542.0,0
TqRUNHhxdVg,Elementary Level - Learn English through Oxford English video,Learn English with English7Levels,514708,4682,207,"learn english,learn english with subtitles,learn english vocabulary,english listening,advanced english,Oxford english learning,intermediate english,english for beginner,english conversation,real english conversation,natural english conversation,english is fun,the best way to learn english,study english,english video,Headway,Elementary Level",2165.0,1
-XZjgAh9BjM,How I Scored 100th Percentile on the MCAT - How to Study,Med School Insiders,212693,4635,90,"How to MCAT,Study for MCAT,How to Study for the MCAT,MCAT study tips,MCAT prep,MCAT score,ace the mcat,mcat tips and tricks,mcat tips,med school test,mcat help,mcat strategies,study tips,mcat 2016,mcat review,my mcat results,improve mcat score,new mcat,mcat resources,study schedule,standardized test,mcat beast,mcat 100th percentile,perfect mcat score",514.0,0
7lhVUedc1a4,Stop Trying to Motivate Your Employees | Kerry Goyette | TEDxCosmoPark,TEDx Talks,671435,3947,432,"TEDxTalks,English,United States,Business,Emotions,Motivation,Personal education,Personal growth",1017.0,0
MysB4SfoWJw,The Best Of Leo Rojas | Leo Rojas Greatest Hits Full Album 2018,M√∫sica Mexicanos,17956829,115205,9280,"Leo Rojas,The Best Of Leo Rojas,Leo Rojas Greatest Hits Full Album 2017,Leo Rojas playlist,Leo Rojas collection,Leo Rojas album,Leo Rojas Der einsame Hirte,Leo Rojas El Condor Pasa,Leo Rojas Celeste,Leo Rojas super mix,Leo Rojas Son of Ecuador",4991.0,0
xQHUHMeyT-4,I 10 FISICI che dovresti conoscere!,Step by Step,432,23,0,"le 10 cose che,le 10 persone che,sbs,SBS,vlog,VLOG,unimib,UNIMIB,universit√†,liceo,liceo scientifico,liceo classico,liceo linguistico,laurea,dottorato,diploma,fisici italiani,10 fisici famosi,10 fisici italiani,persone famose,fisici,fisica,matematica,NOBEL,premio NOBEL,premio Nobel,CERN,italiani che hanno vinto il NOBEL",781.0,0
haqgNwPVrso,How to Make an Electric Train at Home,Navin Khambhala # crazyNK,3603981,7651,1343,"creative ideas,creativity,Navin Khambhala,crazyNK,crazy nk,Do it yourself,bottle craft,how to make best out of waste,how to make best from waste,how to make a steam train,How to Build the Simplest Electric Train,How to make LEGO train tracks,Physics working models for science exhibition,How to produce electricity,how to generate electricity,how to make a electric magnet train,school project ideas",326.0,0
5FUo-83-U3Q,Listen English everyday to Improve English listening skills - Listening English Practice,Learn English by Cartoon,5117336,67297,3241,"listen english everyday,learn English speaking,improve,listening,skill,english,everyday,study english,learning english,english speaking,learn english through story,english for you,listen english story,practice listening english,listening skills,english change life,Listening English Practice",2994.0,1
1uKtNlPLPZw,"Calculating the pH of Acids, Acids & Bases Tutorial",sciencepost,365786,2847,196,"acis,acid,acids,base,bases,basic,acidic,acids and bases,acids & bases,acidic solutions,how to calculate pH,calculate,chemistry,'what is an acid,what is a base,what is pH,pH,what is acidic,HCl,H2SO4,hydrochloric acid,how do you calculate ph,calculate pH,ph of acid,[H+],hydronium,ion,solution chemistry,How to calculate the pH,How to calculate OH,How to calculate h ion,Acid--base Reaction,What is the pH",594.0,1
0C5UQbWzwg8,The (uncomfortable) truth of HR and leadership development | Patrick Vermeren | TEDxKMA,TEDx Talks,229286,1467,347,"TEDxTalks,English,Netherlands,Social Science,Development,Leadership,Pseudoscience,Psychology,Science",1168.0,0
MNnJE8ZFo8Y,"Teoria #14 bis - TEOREMA dell'IMPULSO, CENTRO DI MASSA, SUPER-WORKOUT",Step by Step,4026,98,1,"fisica,lezioni di fisica,fisica per i licei,liceo,liceo scientifico,liceo classico,liceo linguistico,universit√†,istruzione,lezioni,studio,studiare,studiare fisica,imparare la fisica,esercizi di fisica,teoria di fisica,spiegazione,spiegazione di fisica,fisica e matematica,teoria fisica,insegnamento,urti,quantit√† di moto,impulso,teorema dell'impulso,centro di massa,baricentro,urti elastici,urti anelastici,posizione del centro di massa",636.0,1
y_1D9Tq8fI4,The Elder Scrolls VI Official Trailer TEASE (2019) SKYRIM 2 E3 2018 Game HD,ONE Media,131848,1207,410,"Cinema,Trailer,Official,Movie,Film,The Elder Scrolls VI,The Elder Scrolls VI trailer,SKYRIM 2,E3 2018",49.0,0
wuzUbVsVR2s,CYBERPUNK 2077 Official Trailer (2019) E3 2018 Game HD,Rapid Trailer,80639,962,33,"Cyberpunk 2077,Trailer,Cyberpunk 2077 Trailer,Game,2018,Gameplay,E3 2018,Playstation 4,PS4,Xbox One,Official,Cyberpunk (Game),Trailers 2018",118.0,0
ndGiKVDgbHI,Skull & Bones - Official Trailer | Ubisoft E3 2018,GameSpot,144763,2068,64,"Skull and Bones,Skull Bones,Skull & Bones e3,skull and bones trailer,Skull & Bones trailer,ubisoft,ubisoft e3,ubisoft press conference,e3 press conference,press conference,e3,e3 2018 trailer,e3 trailer,game,games,video game,gaming,juego,Skull & Bones,E3 2018",157.0,0
Q0CbN8sfihY,Star Wars: The Last Jedi Trailer (Official),Star Wars,52296228,761428,37801,"star wars,the last jedi,trailer,official trailer,rey,kylo ren,luke skywalker,movies,film,star wars VIII,star wars the last jedi,rian johnson,daisy ridley,john boyega,adam driver,carrie fisher,mark hamill,episode 8,episode viii",155.0,0
WR7cc5t7tv8,A Quiet Place (2018) - Official Trailer - Paramount Pictures,Paramount Pictures,20530959,71023,2467,,116.0,0
m8e-FF8MsqU,Matrix Trailer HD (1999),Face Off,2722905,6503,404,MatrixHD,151.0,0
kYzz0FSgpSU,The Matrix Reloaded (2003) Official Trailer #1 - Keanu Reeves Movie HD,Movieclips Classic Trailers,849834,2520,91,"movieclips,movie clips,movieclipstrailers,new trailers,trailers HD,hd,trailers,movieclipsDOTcom,trailer,2013,official,HD,zefr,classic trailers,oldhollywoodtrailers,jslewis,Matrix,Reloaded,The Matrix Reloaded movie,The Matrix Reloaded trailer,matrix,sequel,Keanu Reeves,Laurence Fishburne,Carrie-Anne Moss,trinity,zion,sci-fi,action",152.0,0
fn5WNxy-Wcw,KINGDOM HEARTS III ‚Äì E3 2018 Pirates of the Caribbean Trailer,KINGDOM HEARTS,3136089,61485,903,"Kingdom Hearts,KH3,Kingdom Hearts 3,Pirates of the Caribbean,Pirates,Nomura Tetsuya,Jack Sparrow,JRPG,Sora,Square E3,E3 2018,Sony,SIEA Conference",199.0,0
A2WnsyLv5Bo,"Nioh 2 Trailer, E3 2018",Kotaku,252991,1941,88,"Kotaku,video game,nioh 2",67.0,0
Qaj32KnlMyY,Babylon's Fall E3 2018 Trailer,Kotaku,85100,467,51,"Kotaku,video game,Babylon's Fall,Platinum Games,Platinum,Bayonetta",114.0,0
